cid,GATS4s,phLevel2,minaasC,MATS5s,Eta_epsi_5,SpMin2_Bh(s),P_VSA_charge_5,MATS4p,VE1_B(e),nArX,nCconj,VE1sign_B(p),VE1sign_H2,B06[N-O],GATS6i,P_VSA_s_5,SM02_EA(dm),MATS4i,J_D/Dt,JGI9,P_VSA_charge_4,MATS8i,GATS6e,nHM,SpMin1_Bh(m),F10[N-O],MaxaasC,GATS8v,P_VSA_charge_6,SpMin2_Bh(m),CATS2D_04_LL,CATS2D_04_DD,GATS3i,P_VSA_charge_13
5904,0.3562986973278837,0.5555555555555567,0.9300360354129272,0.5846850476226484,0.5517654651055586,0.6614656873637098,0.3174532062563507,0.4316866237747453,0.4321913525937465,0.0,0.0,0.2931315220176224,0.1386695597786229,1.0,0.0,0.0669703872437358,0.8228860907229965,0.3835939812853033,0.066070989668746,0.6605192297922073,0.0,0.5333681118553999,0.6345294134290829,0.3333333333333333,0.5469079564621726,0.0,0.671184213917361,0.6816575772625781,0.2905002644253554,0.6835185179159455,0.0204081632653061,0.0,0.7341909713295227,0.4475467344033379
155543311,0.2823665784090637,0.0,0.4237499844837882,0.4645880279927295,0.6270807084396162,0.5627985424902725,0.164177543967775,0.7848477026218025,0.4848581679910381,1.0,0.0,0.5548623865295034,0.0,1.0,0.2897946429160396,0.1339407744874717,0.1075248851261617,0.7781581521126703,0.0595087335375534,0.4305053276246696,0.5610094403715119,0.3418918299330883,0.2861384010479418,0.0,0.4767272342965976,0.2857142857142857,0.5167131940733936,0.7081048609889481,0.1014117745023093,0.8946926991114919,0.1224489795918367,0.25,0.4096110099088383,0.0
155511868,0.2862749227822991,0.0,0.4279950016767485,0.4846167814576315,0.6171199409975139,0.4789472474651143,0.164177543967775,0.7434639927516982,0.6903441466999928,0.5,0.0,0.5540554043692405,0.2968831486816155,1.0,0.4622218637311166,0.1339407744874717,0.1075248851261617,0.7685412469674033,0.0773175988870175,0.3259075172655422,0.5610094403715119,0.3778686694706733,0.4534550632643561,0.0,0.4437966245125357,0.4285714285714285,0.4959826336013844,0.6867538916925354,0.2176118802724513,0.8544092730176098,0.0,0.25,0.4843843947925761,0.0
155547676,0.528335565398655,0.0,0.7723570847189503,0.0961869547177347,0.5093474052132225,0.5908114717164789,0.164177543967775,0.5490234220955876,0.4586351414309685,0.5,0.0,0.442836627529552,0.3369552092393127,1.0,0.6310787009819494,0.0,0.2329144543648614,0.8700206760264191,0.0800094037887066,0.4542278127183787,0.5610094403715119,0.4551224615781554,0.3542362443363245,0.6666666666666666,0.4539237976481729,0.2857142857142857,0.6848106864900076,0.7034927927038623,0.6976623003877522,0.8931999173622276,0.2040816326530612,0.0,0.4189697239656793,0.0
155510814,0.2917412234210072,0.0,0.431981686185217,0.4957373788773199,0.4437153839062238,0.564789034993915,0.164177543967775,0.8048987918388866,0.950126959437101,0.5,0.0,0.5502349782895465,0.6074599196891046,1.0,0.456552120255024,0.1339407744874717,0.1075248851261617,0.7684842005451941,0.0718531359624092,0.2884122431447535,0.5610094403715119,0.3019238771180056,0.4201583809521896,0.0,0.5460014351252731,0.0,0.7197361428942843,0.7026707878944731,0.7405123562380936,0.8987304645621852,0.1224489795918367,0.25,0.4658723229391122,0.0
155526320,0.4231687750164806,0.0,0.369799835186256,0.5119575404826068,0.6270807084396108,0.5643639130722308,0.164177543967775,0.8124838885930558,0.5594975082518613,1.0,0.0,0.4785547350128809,0.4814394719577957,1.0,0.3865176169422621,0.1339407744874717,0.1075248851261617,0.7398511894165837,0.0836643720171704,0.3223155987925866,0.5610094403715119,0.3341067327119708,0.3014220392319072,0.0,0.4767248441364993,0.0,0.4897986928492635,0.6975027970218236,0.3919120389276648,0.8946190380257311,0.1224489795918367,0.25,0.3793175416578702,0.0
155536990,0.2968928035519906,0.0,0.4227618204054539,0.4095526462984207,0.725730616760393,0.5816096465554316,0.164177543967775,0.5731958779575741,0.3985184758787908,0.75,0.0,0.0621304781208237,0.0,1.0,0.222679015838098,0.0,0.6759359924953129,0.5689913488684456,0.0464545346768337,0.2846770244546271,0.0,0.4398622800483853,0.308555766056361,0.3333333333333333,0.4764674843163687,0.1428571428571428,0.5418313784713442,0.6818456176383776,0.2176118802724513,0.8848827624273405,0.0816326530612244,0.0,0.2861382857931318,0.0
9552079,0.2493046484638685,0.0,0.8361769817379745,0.0,0.0473947551480522,0.4892654357572504,0.0,0.4047389205356163,0.5497455019159224,0.5,0.5714285714285714,0.0,0.0,0.0,0.859608971630015,0.1339407744874717,0.5319883256723082,0.5580184096695557,0.1226366884223335,0.2400548696844992,0.3740062935810075,0.4637827644374677,0.4721093828323531,0.6666666666666666,0.4628805819688502,0.0,0.5921860941849563,0.6717528410263733,0.5111294793102636,0.8194438037804681,0.0,1.0,0.4920219354606019,0.0
5430,0.602810697200399,0.0,0.9174390105367114,0.4041378167625111,0.2445837558772017,0.0,0.3081732978307749,0.6900825091479649,0.0,0.0,0.0,0.0,0.1890106970805326,0.0,0.4349540740689355,0.0624145785876995,0.0,0.4663195806186747,0.0705128743903547,0.0,0.0,0.2401002298876657,0.375097804263518,0.3333333333333333,0.4493810324425427,0.0,0.696612561237651,1.0,0.1162001057701425,0.0978632446257075,0.0,0.0,0.1234287577009778,0.0
155556298,0.3879933067207282,0.0,0.4441213034801847,0.271758038670697,0.6945384471822051,0.5930751600501093,0.164177543967775,0.4749459930338975,0.3791952099386898,0.75,0.0,0.7060736517318007,0.8956703435530954,1.0,0.4622164860213886,0.0,0.6759359924953129,0.5604672714743225,0.0476907820122283,0.4071025758268558,0.0,0.5634374990080727,0.3430243182481257,1.0,0.4528013176813132,0.1428571428571428,0.5704366062728541,0.6385695345540563,0.6976623003877522,0.8921943984285456,0.1224489795918367,0.0,0.3675452816934206,0.0
155514204,0.314334023716632,0.0,0.4267744960890626,0.3834014686671593,0.6635756317920856,0.5816161278301987,0.164177543967775,0.5098106271589422,0.4021718992499651,0.5,0.0,0.0561842837721126,0.0,1.0,0.3670641692410803,0.0,0.6898249682855415,0.5668447391894321,0.0540389678582894,0.294821355992481,0.0,0.4565964063791374,0.3055881687736993,0.3333333333333333,0.4764677066127163,0.1428571428571428,0.638235577771675,0.6746814311009569,0.2176118802724513,0.8915624146422325,0.0816326530612244,0.0,0.3592661825137389,0.0
155551278,0.3027073263218776,0.0,0.4303309067842584,0.4594187776307954,0.6171199409975139,0.4789578938021447,0.164177543967775,0.7376398733922851,0.8335091280898325,0.5,0.0,0.5534096554948388,0.5963412937531587,1.0,0.4657717387949434,0.1339407744874717,0.1075248851261617,0.7559128994598158,0.0444131749543351,0.4007582685566226,0.5610094403715119,0.3393410798360649,0.4145217315748726,0.0,0.44329824226247,0.5714285714285714,0.5648380703399527,0.7333714111565826,0.1014117745023093,0.8543611730393224,0.0,0.25,0.4716040968630277,0.0
155564793,0.3031901973427569,0.0,0.4292609901343069,0.4959394466339288,0.6171199409975139,0.4789572574636994,0.164177543967775,0.7690960851839861,0.8271653541981766,0.5,0.0,0.5510074106089039,0.6064634209865927,1.0,0.5079066586896432,0.1339407744874717,0.1075248851261617,0.7386224594427662,0.0606382822150313,0.2818527832816815,0.5610094403715119,0.2793382180185023,0.4439742108090056,0.0,0.4433123398817322,0.2857142857142857,0.5339463388425658,0.7340950986288661,0.1595118273873803,0.8543863186761431,0.0,0.25,0.4716040968630277,0.0
155565151,0.3066257085759014,0.0,0.4377260055237907,0.3233448933099107,0.6013383784737116,0.5820336120337225,0.164177543967775,0.6622935967503716,0.4629605213540385,0.5,0.0,0.4432429233257958,0.3369552092393127,1.0,0.3915950125573222,0.0,0.2329144543648614,0.8560670801055179,0.0800094037887066,0.4542278127183787,0.5610094403715119,0.3894638865088745,0.2752541603902551,0.0,0.4767259464321958,0.2857142857142857,0.5925819948413714,0.7398911516876422,0.1014117745023093,0.8943842305610956,0.1632653061224489,0.0,0.3735398972794066,0.0
155511434,0.5265068597855787,0.0,0.3817334390123048,0.5848545586529854,0.4437153839062238,0.564784559176268,0.164177543967775,0.8063427363025713,0.9189475137722436,0.5,0.0,0.4806932515084601,0.4940005578036024,1.0,0.5411974140730325,0.1339407744874717,0.1075248851261617,0.7470463054853405,0.078884454225528,0.2908826417708015,0.5610094403715119,0.3566521331250376,0.4047555735130729,0.0,0.5460014223777465,0.0,0.7140749164069183,0.7001640379258711,0.9729125677783752,0.8986811804399264,0.1224489795918367,0.25,0.4280474249157582,0.0
136092247,0.335227525968113,0.0,0.2692054540491601,0.4841308404990959,0.6230042659470176,0.7531418436817775,0.0,0.7326349320450624,0.340052602279956,0.0,0.1428571428571428,0.3516008125455862,0.136991641458336,1.0,0.3219601523604951,0.0624145785876995,0.6917195314452124,0.5964511140448308,0.129174254600288,0.4365974895644351,0.5,0.3876292052980603,0.2671523213811604,0.0,0.6078310842705017,0.0,0.3825612116730652,0.6403303676229709,0.1473456034966152,0.894626693420467,0.2448979591836734,0.25,0.0095725044430325,0.0
136092241,0.5012750739764471,0.0,0.6305856451526384,0.3661196392792185,0.1738832037532147,0.6310412654894436,0.0,0.724852085960729,0.2415151714352471,0.0,0.1428571428571428,0.4320084999187297,0.4091328764400421,1.0,0.5847390731460265,0.0624145785876995,0.3152104296574374,0.6903550684340886,0.1019732900348414,0.5092928803894666,0.0,0.4458239653196515,0.3599999728817976,0.0,0.5579247140502321,0.0,0.8576292834479559,0.7170638607843027,0.1588270675892466,0.9480075872444008,0.183673469387755,0.25,0.5065295258039091,0.0
136092234,0.5037722240784597,0.0,0.6173849773759462,0.3887454786743395,0.2992634932341751,0.5985945219218612,0.0,0.753221907312823,0.2393392421196402,0.25,0.1428571428571428,0.4300241577972222,0.4091328764400421,1.0,0.6450029532407644,0.0624145785876995,0.3152104296574374,0.7751491702603157,0.1019732900348414,0.5092928803894666,0.0,0.5003469910230665,0.2864949814474154,0.3333333333333333,0.554784434009485,0.0,0.493033686103523,0.6719262358196997,0.3407522247618276,0.8367210618583316,0.183673469387755,0.25,0.4046913411086461,0.0
136092243,0.4621345854606886,0.0,0.6187125041159389,0.4559958909229237,0.2712811106201309,0.6997917566181123,0.0,0.7700813142481335,0.2396208499252298,0.25,0.1428571428571428,0.430308978569319,0.4104539435591797,1.0,0.635232610516425,0.0624145785876995,0.3152104296574374,0.7762190518099791,0.1041793730383072,0.4122847126962355,0.0,0.5277976620637479,0.2676985999298454,0.3333333333333333,0.5927837014527304,0.0,0.4942217881858134,0.6248025595424135,0.3718312839567874,0.8736824388638476,0.2244897959183673,0.25,0.3681325483109015,0.0
136092238,0.388123774994922,0.0,0.5644344885177173,0.4658531911227544,0.4455966715934534,0.6998281037909063,0.499999999999998,0.7489069077425053,0.3598166462001243,0.0,0.1428571428571428,0.4342346652800765,0.3837960677183005,1.0,0.606609955148665,0.0624145785876995,0.5952308874367809,0.7667029556777671,0.119364089949309,0.3732493352978034,0.0,0.4771609032220475,0.2740072485669062,0.0,0.5929475268415887,0.1428571428571428,0.4321815253461587,0.6387440034437222,0.1318060738991354,0.8963120864438605,0.2244897959183673,0.25,0.4419201850477681,0.0
44339627,0.4163717080088874,0.4166666666666666,0.5811878954782042,0.7922589647619671,0.3029161710442571,0.9314596630164764,0.0,0.7157328791423367,0.6074507761870401,0.0,0.0,0.2509595811240966,0.560670751447657,1.0,0.7327253875608934,0.0669703872437358,0.6420753504653995,0.7345959253761662,0.9564729481485166,0.308641975308642,0.0,0.5311802352721788,0.5223859195056239,0.0,0.6609104389079121,0.0,0.0689964206861441,0.6162597173272693,0.3026744609399009,0.9617516775704548,0.3469387755102041,0.25,0.3106260748170346,0.4475467344033379
44339513,0.4377342467218429,0.6111111111111099,0.5811878954782042,0.6759814960619662,0.3572835388083808,0.9227156292678824,0.0,0.7212228165894725,0.5974351508856758,0.0,0.0,0.2134239439156829,0.2859352925667467,1.0,0.72163231289827,0.0669703872437358,0.6313358981222718,0.7467039189233907,1.0000000000000002,0.35406475658048,0.0,0.5324697309225785,0.4650192353506768,0.0,0.654421081724025,0.0,0.0689964206861441,0.6214336209725366,0.3412433572541571,0.934444786405209,0.2857142857142857,1.0,0.2823251302181855,0.4475467344033379
44339514,0.4377342467218429,0.6111111111111099,0.5811878954782042,0.6759814960619662,0.3572835388083808,0.9227156292678824,0.0,0.7212228165894725,0.5974351508856758,0.0,0.0,0.2134239439156829,0.2859352925667467,1.0,0.72163231289827,0.0669703872437358,0.6313358981222718,0.7467039189233907,1.0000000000000002,0.35406475658048,0.0,0.5324697309225785,0.4650192353506768,0.0,0.654421081724025,0.0,0.0689964206861441,0.6214336209725366,0.3412433572541571,0.934444786405209,0.2857142857142857,1.0,0.2823251302181855,0.4475467344033379
10011185,0.3420884999624197,0.6315789473684199,0.3277239786922762,0.4426591767575069,0.6673504194708237,0.7827506322429943,0.0,0.8739993841274292,0.6203533301574625,0.0,0.4285714285714285,0.0151468141191104,0.2871406121734807,0.0,0.9010539599740256,0.0,0.7188651055030996,0.9315892972939502,0.2970410698484805,0.5275988548935407,0.0,0.4189375824981507,0.3788897736762098,0.0,0.8611580777343235,0.0,0.2531433276355936,0.6933395026766573,0.0,0.8462444767853983,0.3469387755102041,1.0,0.3483028919444948,0.0
10350590,0.3377221094732517,0.6222222222222233,0.3457371564432493,0.4672861155778556,0.6306648767224341,0.7796711680243128,0.0,0.838925579490071,0.6202145461199163,0.0,0.4285714285714285,0.015528619930042,0.2886179008495807,0.0,0.8699954239713403,0.0,0.6803263061872372,0.8911460929234855,0.3200855701921627,0.5481055768412099,0.0,0.3943426321562784,0.3889633874204552,0.0,0.861156868387221,0.0,0.2779958907320135,0.7021166949118229,0.0,0.8457247027126016,0.3469387755102041,1.0,0.3051158001962835,0.0
24180567,0.2966160071168393,0.0,0.7294716697982503,0.6200773908916912,0.4849123029409035,0.553822308937241,0.0,0.4681994551016687,0.3465126951123726,0.0,0.4285714285714285,0.1777084285663995,0.1382803999902634,0.0,0.6460528669026366,0.0,0.5746046450085317,0.4506721687208346,0.143715705050818,0.379330943847073,0.0,0.5681820916755462,0.4796054689449683,0.0,0.5049239492748807,0.0,0.615648000077965,0.58517587736995,0.2714625246819147,0.8720864270689366,0.1632653061224489,0.0,0.64636539033492,0.0
5320946,0.2855566159007487,0.0,0.4461820713652824,0.3757015387854509,0.5649303955010612,0.4541063978797538,0.0,0.3858280824933685,0.4104292994894153,0.0,0.4285714285714285,0.4873080989472109,0.5120923266371336,0.0,0.5861906139016977,0.0,0.2990461924598664,0.4291772421288453,0.1443245489316847,0.7848324514991211,0.0,0.3450682572129929,0.5569148635799303,0.0,0.4811044148636236,0.0,0.3546664700178997,0.8081215821938872,0.0,0.7287809057430099,0.0408163265306122,0.0,0.4680436391766374,0.0
5281672,0.2867986274881757,0.0,0.2723996519496816,0.0846943340608072,0.5290673092512477,0.4232708744783279,0.0,0.5718024280423373,0.4789250996184456,0.0,0.4285714285714285,0.3269485473907917,0.2986346925595204,0.0,0.6495703954542047,0.0,0.1973447502715644,0.6056705527233233,0.1574293155770527,0.5948372615039259,0.0,0.3392220356417696,0.3832303224765068,0.0,0.407483692486271,0.0,0.0,0.8090944476715098,0.0,0.6653156743368447,0.0408163265306122,0.5,0.6125359152390379,0.0
5280863,0.2344353652084065,0.0,0.3889884412927932,0.1214322390613239,0.4859408131280545,0.4425382479812422,0.0,0.5855363838995686,0.4004629323828889,0.0,0.4285714285714285,0.547182521884994,0.5759284690219888,0.0,0.7279423511154055,0.0,0.1973447502715644,0.6198511735726141,0.1420457465839117,1.0,0.0,0.3365988616655689,0.4252909866691724,0.0,0.4791701986600518,0.0,0.3230189064191917,0.8343511349476473,0.0,0.7203709808970635,0.0408163265306122,0.25,0.4970420180110653,0.0
10011796,0.547410298641704,0.6666666666666666,0.8370665460425697,0.8396294315792733,0.2158327584617447,0.8738916960338617,0.0,0.912842696124478,0.1662369575053813,0.0,0.0,0.1144870651076719,0.0719492360031255,1.0,0.7505850401856304,1.0,1.0,0.7743397624269531,0.8454102591094141,0.4007145779400464,0.0,0.4710992066699778,0.5918294227050983,0.0,0.5365916356965545,1.0,0.5106986466093495,0.6815637771222866,0.7153844177725714,0.9368580586449702,0.0612244897959183,0.25,0.4066280121747352,0.0
52945200,0.6085838729435855,0.6666666666666666,0.5811878954782042,0.6077370557260906,0.4426955475846967,0.7446563833578866,0.0,0.6294860255082915,0.6696365026318124,0.0,0.0,0.0169465624534888,0.0267848000326018,1.0,0.5874208601087614,0.334851936218679,0.967998307702203,0.3804433538478381,0.2687306447056689,0.4032114137281036,0.0,0.5479915505148372,0.3386712361890615,0.0,0.3203153111171311,0.4285714285714285,0.0689964206861441,0.608619349338027,0.0,0.7469634610928453,0.0,0.0,0.0559273325884706,0.0
638278,0.322337350626165,0.0,0.4757145126790333,0.2082554122661855,0.3124030942782694,0.4611145796436323,0.0,0.4387933668337428,0.3224109231417588,0.0,0.4285714285714285,0.6331127512166026,0.723360680697303,0.0,0.4997653045886183,0.0,0.0,0.4787900759147068,0.042551685101278,0.7578875171467753,0.0,0.3599894839860095,0.3935405181741028,0.0,0.5026096494749543,0.0,0.5899319793815782,0.7411736509361653,0.1743001586552135,0.7852455057184335,0.1224489795918367,0.25,0.5415312829957386,0.0
5318339,0.0,0.0,0.5811878954782042,0.4974896828434634,0.0,0.6198889261587756,0.0,0.2251539806852074,0.2261156675616294,0.0,0.0,0.8724695191440944,0.4437461073009808,0.0,0.5118244709643136,0.0,0.1683510416488622,0.2168211646758381,0.0005751184497357,0.0,0.0,0.1515976076590765,0.3164875995965595,0.0,0.4477013815123296,0.0,0.0689964206861441,0.8365955755320514,0.224416957593614,0.636333217509863,0.2040816326530612,0.0,0.9999999999999998,0.0
15489689,0.4979567300343079,0.0,0.5811878954782042,0.6678001525418357,0.1300762883746644,0.6277710540819424,0.0,0.0,0.2045293251729988,0.0,0.4285714285714285,0.0124202549342749,0.1723858103688582,0.0,0.2065375353670284,0.0,0.3152104296574374,0.0,0.0017524617478824,0.0,0.0,0.0,0.9380281697768031,0.0,0.4318659694716809,0.0,0.0689964206861441,0.8957194278380286,0.2048858010227992,0.5856269614049672,0.1632653061224489,0.0,0.9941153073043728,0.0
155384382,0.3290420757783126,0.0,0.5685230801398632,0.3558942819067073,0.6928182907716436,0.6244020159289375,0.499999999999998,0.568165998091842,0.6117516001690843,0.0,0.1428571428571428,0.4090965302916693,0.6154117329721405,1.0,0.2813301147486784,0.0609996246634912,0.609641358912689,0.5974686598608016,0.1210675967631632,0.4652777777777777,0.4936788831677709,0.6478246491307799,0.4944926350441976,0.3333333333333333,0.5892110977360021,0.5714285714285714,0.6412401383150429,0.6079759096966361,0.2324002115402844,0.8741175930739691,0.1428571428571428,0.0,0.7467095957099981,1.0
155384384,0.2887951630442181,0.0,0.5760594588788406,0.2185718769601669,0.6706155311760535,0.6990233608139308,0.499999999999998,0.3117016611887963,0.7725044242567226,0.0,0.1428571428571428,0.4044563557675531,0.916400478365819,1.0,0.2755310492199219,0.0609996246634912,0.609641358912689,0.3505889026251654,0.1309841674803377,0.4507608383577378,0.4936788831677709,0.6065736895785816,0.4762686390238864,0.3333333333333333,0.5896476098645298,0.5714285714285714,0.6416397820320109,0.6245474250604045,0.2324002115402844,0.920484528311278,0.1632653061224489,0.0,0.742214806517733,1.0
54675776,0.2787102117268277,0.3999999999999999,0.4239720331676936,0.4099493774457593,0.4167405379722164,0.7161327148901525,0.0,0.3891549230364252,0.6118232236086015,0.0,1.0,0.3748899721525853,0.0755725866751396,1.0,0.7793682842954659,0.0,0.6100513742445576,0.3868322403749166,0.411169319443548,0.6588835212023605,0.0,0.4646210074883006,0.4936257321021137,0.0,0.7906807968568756,0.1428571428571428,0.1861261829833949,0.6647523955102066,0.1162001057701425,0.8151588067480051,0.2040816326530612,0.5,0.7242481953317641,0.4475467344033379
5717,0.3464445524939238,0.0,0.601030156113302,0.2137526693605082,0.4981872600075916,0.6994469947127221,0.0,0.5079907859719525,0.6405289894214873,0.0,0.1428571428571428,0.8029836542999145,1.0,1.0,0.5260215374669386,0.1279700119072271,0.5714162440960323,0.4624243623191983,0.100854540614775,0.5127313842775357,0.4936788831677709,0.3933278568472295,0.5088267106644785,0.3333333333333333,0.5731248008491203,0.0,0.7552947833684233,0.720460153475103,0.2324002115402844,0.9199506946991688,0.1632653061224489,0.0,0.6081920258210578,1.0
155566592,0.2861369008401834,0.0740740740740739,0.5811878954782042,0.519547217890462,0.3131511016870991,1.0,0.0,0.5835007812133144,0.5302495039824681,0.0,0.0,0.4414101432901898,0.7526223674395747,0.0,0.4487750037091496,0.0,0.5782946446116554,0.638629347229827,0.3073915042244528,0.721565186585763,0.0,0.5832784646123315,0.3682771042682678,0.0,1.0,0.0,0.0689964206861441,0.5361135150899268,0.1623252777352081,0.939192811108827,1.0,0.0,0.9380889203133524,0.0
155563477,0.2402862279102196,0.0740740740740739,0.5811878954782042,0.4888655777959489,0.3362680925601529,0.9999588072349328,0.0,0.5936396450823529,0.5471251266288623,0.0,0.0,0.5985505565313911,0.8307817381482905,0.0,0.4618447710556943,0.0,0.646773945801484,0.6449161643407322,0.3177645541370877,0.7805493385956889,0.0,0.5927446850299521,0.3777311760421384,0.0,0.9969103113067002,0.0,0.0689964206861441,0.5282103775047502,0.1623252777352081,0.9387833539007596,1.0,0.0,0.949204082152397,0.0
155548308,0.234018338451639,0.0740740740740739,0.5811878954782042,0.507355688400779,0.3172651424356965,0.9816264961307238,0.0,0.5833077390833299,0.5378262853308541,0.0,0.0,0.3936955200706597,0.6969186011747719,0.0,0.5797905316469019,0.0669703872437358,0.5851034480794022,0.6167704803776333,0.2591165916239087,0.6092186150485185,0.0,0.486330595593979,0.3186866991991655,0.0,0.9905424322770848,0.1428571428571428,0.0689964206861441,0.6004832405917523,0.2204253306202791,0.86627758352089,1.0,0.0,0.8001728332246965,0.0
44398495,0.5410736702811334,0.8333333333333333,0.997209373701172,0.767508999966316,0.3872038351617974,0.6052769460206681,0.0,0.8780376469423454,0.1158575436999175,0.0,0.0,0.0618065257939365,0.1774634674123408,0.0,0.5727592860805268,0.1339407744874717,0.6136658010671963,0.8603922890289948,0.0585770484338641,0.3986625514403293,0.0,0.3833845415217873,0.6677625759612587,0.0,0.5233640966850901,0.0,0.7871400116330701,0.6419594983038129,0.3987171162488275,0.9118520046467248,0.0,0.0,0.5463720818886257,0.0
25220884,0.4710817812892842,0.6666666666666666,0.5811878954782042,0.4969677556302882,0.3388033557665699,0.7240166320424083,0.0,0.9118947508050516,0.2157387911229301,0.0,0.0,0.2232807689974692,0.5825160293125534,0.0,0.3179179836833581,0.1339407744874717,0.5764513457595579,0.8542631979862215,0.0575753874964397,0.0,0.0,0.5742398741370296,0.9001858098731774,0.0,0.513936312760852,0.0,0.0689964206861441,0.5996857457287064,0.2164337036469436,0.7953674328632627,0.0,0.0,0.8108162414098958,0.0
13783106,0.5962724700594433,0.6666666666666666,0.5811878954782042,0.3795475331581368,0.4342214437171554,0.4065804209286831,0.0,0.7453428623218568,0.1521153349568739,0.0,0.0,0.2199598613521898,0.5163765573253866,0.0,0.3435469251799508,0.1339407744874717,0.5764513457595579,0.9316696242870608,0.0237379117540073,0.0,0.0,0.8885752651376579,0.54168137935921,0.0,0.421419002106675,0.0,0.0689964206861441,0.0,0.1082168518234721,0.5263845945190937,0.0,0.0,0.6204445309211744,0.0
155565792,0.7974119271478559,0.6666666666666666,0.8966018795986186,0.5141773552864031,0.3872038351617974,0.6956801601464783,0.0,0.5641673357623042,0.4198534951309699,0.0,0.0,0.1064155998882816,0.3226822610954307,0.0,0.4666203047336918,0.0669703872437358,0.6217766388948985,0.5338316385495665,0.0665830713973224,0.4022506731697407,0.0,0.4315894460439552,0.4003796920314455,0.0,0.573406108757573,0.0,0.8412090064802932,0.7232627917839386,0.406700370195498,0.911163320650258,0.0408163265306122,0.0,0.3019310946979441,0.0
6546049,0.5525003893579892,0.6666666666666666,1.0,0.7683969512191933,0.253987277588275,0.7195394515466388,0.0,0.8675837197029541,0.272316394778655,0.0,0.0,0.0296028844466797,0.0409354755215148,0.0,0.5648579173734083,0.1339407744874717,0.5764513457595579,0.7498403381576179,0.0537340072205214,0.4629629629629629,0.0,0.5066955485862046,0.8371656402836453,0.0,0.5991874796194407,0.0,0.7919572398199216,0.7119809852971815,0.3987171162488275,0.8920162686562283,0.0204081632653061,0.0,0.4661323586130488,0.0
155559333,0.3558356971636212,0.6666666666666666,0.5811878954782042,0.1517682194392898,0.5273859643731513,0.7867567320448913,0.499999999999998,0.7887193748334604,0.4096994735682134,0.0,0.0,0.897460444329963,0.3631500793355242,1.0,0.500464445281976,0.1339407744874717,0.6931449237539018,0.7233814743564498,0.1310091932148772,0.5413105413105432,0.033442168586623,0.5232809100250193,0.5832651261069766,0.0,0.5023529670630582,0.0,0.0689964206861441,0.6232526152995054,0.1082168518234721,0.774262595538485,0.0,0.0,0.5582949877113783,0.0
7076347,0.5525003893579892,0.6666666666666666,1.0,0.7683969512191933,0.253987277588275,0.7195394515466388,0.0,0.8675837197029541,0.272316394778655,0.0,0.0,0.0296028844466797,0.0409354755215148,0.0,0.5648579173734083,0.1339407744874717,0.5764513457595579,0.7498403381576179,0.0537340072205214,0.4629629629629629,0.0,0.5066955485862046,0.8371656402836453,0.0,0.5991874796194407,0.0,0.7919572398199216,0.7119809852971815,0.3987171162488275,0.8920162686562283,0.0204081632653061,0.0,0.4661323586130488,0.0
676438,0.885016848602644,0.6666666666666666,0.5811878954782042,0.6744598925570142,0.5243385267816003,0.2620261279553916,0.0,0.599109630368065,0.0889909353208187,0.0,0.0,0.0,0.0,0.0,0.6380150998099843,0.1339407744874717,0.5764513457595579,1.0,0.0,0.0,0.0,0.5356740933341133,0.0,0.0,0.2431576488931472,0.0,0.0689964206861441,0.0,0.0,0.3155108817365297,0.0,0.0,0.1449397649147494,0.0
9209568,0.5989070786669872,0.6666666666666666,0.5811878954782042,0.4532504300429288,0.4146307734857553,0.4052676229831001,0.0,0.6641710307634794,0.1796294932581806,0.0,0.0,0.1699418464613607,0.2515210701783925,1.0,0.477888922629113,0.1339407744874717,0.6501800256054922,0.7680082095745375,0.0405775215827938,0.0,0.0,0.35622762113862,0.3425281046294383,0.0,0.3215194548793665,0.0,0.0689964206861441,0.5634731361679937,0.0,0.4746053437318767,0.0,0.0,0.247091031387135,0.0
13526522,0.6052465123945927,1.0,0.987762028027254,0.8708666504868832,0.4342214437171554,0.5975863206258628,0.0,0.7310805007268482,0.4604069596956758,0.0,0.0,0.0,0.0,0.0,0.792858079238508,0.1339407744874717,0.6454303467628093,0.8580153442080458,0.0488281070890109,0.4085831863609644,0.0,0.4144317289752391,0.4668381711533169,0.0,0.5224965750300603,0.0,0.7708318374105164,0.6099799092206067,0.5810005288507115,0.9435384041379424,0.0,0.0,0.4598065812383385,0.0
155548129,0.5734328000272995,0.6666666666666666,0.8912347138868282,0.7641364918832242,0.2850621338173917,0.7232879217017717,0.0,0.8151322704146674,0.4075366420712584,0.0,0.0,0.0306357034106308,0.0771066536100602,0.0,0.5216192454209065,0.1339407744874717,0.6136658010671985,0.7681856618296073,0.0590825587956574,0.4191033138401561,0.0,0.5070388327251523,0.7201589756790502,0.0,0.5864873805094168,0.0,0.8360015809633045,0.6621979118773795,0.51491722201897,0.9312595436891322,0.0408163265306122,0.0,0.5027215014366397,0.0
13783105,0.555426565712291,0.6666666666666666,0.9984019719121446,0.5616171656967947,0.2720106942011595,0.6819994793629395,0.0,0.7545444617591842,0.2905652029164197,0.0,0.0,0.2272115644736464,0.5068342535743126,0.0,0.6104494029191816,0.1339407744874717,0.5764513457595579,0.801423253167883,0.0497195188500422,0.4382716049382715,0.0,0.7097709521014464,0.7220606129489775,0.0,0.595591548721444,0.0,0.7891986956352594,0.5459069426462864,0.3987171162488275,0.8366972627493539,0.0204081632653061,0.0,0.5231452838037927,0.0
40578893,0.7180317567723118,0.6666666666666666,0.9971258600969948,0.7837029410332099,0.3140653329645682,0.4502550489652924,0.0,0.6521785894120976,0.2437431971338387,0.0,0.0,0.0363484844599587,0.1080174620681056,0.0,0.7699672551163816,0.1339407744874717,0.5764513457595579,0.7507691003396361,0.0387319223996689,0.7716049382716049,0.0,0.3939094536383258,0.456302283081118,0.0,0.5877360839426915,0.0,0.7869958489810528,0.8161755351018952,0.2905002644253554,0.6556949400210446,0.0204081632653061,0.0,0.2211074295037469,0.0
155530987,0.6593494809144211,0.6666666666666666,0.9441598361749104,0.6688728187615949,0.5816857614589703,0.5868834416247072,0.0,0.6575347058729143,0.0806900526569338,0.0,0.0,0.0269038277582588,0.1205642832838753,1.0,0.4497237975848629,0.1339407744874717,0.703042180329708,0.752853230918926,0.0437426461228446,0.3371320037986706,0.0,0.5175684166627789,0.453058609522541,0.0,0.515375927433352,0.0,0.6955649671427829,0.6443341157157669,0.2905002644253554,0.759778933870173,0.0204081632653061,0.0,0.2320155099534562,0.0
102530187,0.6956327681544918,0.6666666666666666,0.889984047749087,0.7801765767625051,0.3302401940274153,0.5901919069550196,0.0,0.6361843493786684,0.3929407213832411,0.0,0.0,0.0275116936783668,0.056274799705583,0.0,0.6260074191560681,0.1339407744874717,0.6136658010671963,0.7476422442712384,0.0461016946603367,0.422602089268756,0.0,0.4625127071679895,0.4437248142865641,0.0,0.5768071156968171,0.0,0.834829757302677,0.6947809024316502,0.406700370195498,0.914254300866165,0.0408163265306122,0.0,0.3451215560971497,0.0
192731,0.4764708701332829,0.6666666666666666,0.5811878954782042,0.6924714673967354,0.3140653329645682,0.797231072462001,0.0,1.0,0.2272368174028795,0.0,0.0,0.0,0.0,0.0,0.3412362849672889,0.1339407744874717,0.5764513457595579,0.8084880638631836,0.0675380835651011,0.0,0.0,0.4011580909833807,0.9859663696105868,0.0,0.5339999291667432,0.0,0.0689964206861441,0.7635315940947465,0.2164337036469436,0.8466336939889185,0.0,0.0,0.7270423864506823,0.0
155542574,0.5563564707599444,0.5555555555555567,0.9998815789241514,0.6520047385222181,0.253987277588275,0.7171848217117905,0.0,0.5389675091169472,0.2974029951663485,0.0,0.0,0.1779817104609284,0.385642801292653,0.0,0.5634281324058334,0.1339407744874717,0.5764513457595579,0.5467461773348641,0.0548701808106504,0.31305114638448,0.0,0.6576942591913285,0.8365023660254403,0.0,0.6012710958383405,0.0,0.7917528192764992,0.5888013154988376,0.4142566458463073,0.88855716663809,0.0204081632653061,0.0,0.4205551733080985,0.0
155546296,0.5448080859575684,0.6666666666666666,0.9971343119561572,0.6516364249262552,0.3872038351617974,0.6044022982122724,0.0,0.5773181795623353,0.1371571525453327,0.0,0.0,0.1046102130020611,0.2999665670898105,0.0,0.5702105153814794,0.1339407744874717,0.6136658010671963,0.6728782882252746,0.0594502486493918,0.5632716049382716,0.0,0.5983734124192762,0.6666797565880204,0.0,0.5237993616841541,0.0,0.787010438728955,0.5154539684237491,0.4142566458463073,0.9120181148658824,0.0,0.0,0.5023040399860024,0.0
155551300,0.6289842905304304,0.6666666666666666,0.9525744337368444,0.5622369397633686,0.3522968227494796,0.7303891786257933,0.0,0.6881676256470521,0.2671218652468207,0.0,0.0,0.0819612058503343,0.1601779691289605,0.0,0.6842393342834612,0.2009111617312072,0.6897576488439807,0.706821711507118,0.0622144396188587,0.2294685990338162,0.0,0.5701208010370786,0.6691502278003592,0.0,0.5951013915368657,0.0,0.7608483985727591,0.6573451837228197,0.5810005288507115,0.9415933105588804,0.0204081632653061,0.0,0.3920869918370695,0.0
76116,0.6433111374784632,0.6666666666666666,0.9941453114868086,0.8665715685132609,0.2089287360560541,0.6860527331682754,0.0,0.6099263018620997,0.5342396203131158,0.0,0.0,0.0,0.0,0.0,0.8112144872659017,0.1339407744874717,0.5764513457595579,0.5642381590791747,0.0448210593376811,0.2530864197530864,0.0,0.5784709061656327,0.6799542076701237,0.0,0.6195007544604803,0.0,0.7818507735607789,0.694345996749824,0.5810005288507115,0.962557578361674,0.0408163265306122,0.0,0.323469174880876,0.0
155533727,0.3978860873443996,0.6666666666666666,0.5804018556500364,0.4701364715640742,0.6066193417534795,0.7279180849757018,0.499999999999998,0.828106107018944,0.2321803058371491,0.0,0.0,0.5869490764108852,0.0122994641643021,0.0,0.6354497043959153,0.1339407744874717,0.7029531465716949,0.6784924463924112,0.073555923010282,0.5308641975308641,0.0,0.564955676754634,0.5685397853927,0.0,0.5926632356787405,0.0,0.5924530875186435,0.6702535578157749,0.224416957593614,0.8910612850168547,0.0,0.0,0.5735306773135773,0.0
155566344,0.5452972134266565,0.8333333333333333,0.9962358167435884,0.5623088169872934,0.4096440574268531,0.6010676147538246,0.0,0.7780205820370709,0.1339473463523901,0.0,0.0,0.1581790607885815,0.427047909689233,0.0,0.6127314835932942,0.1339407744874717,0.6136658010671963,0.9167972105217644,0.0530672353600919,0.6144781144781135,0.0,0.70379706096027,0.578434754094976,0.0,0.5207284370979446,0.0,0.7854594404940585,0.4574691322333638,0.3987171162488275,0.8638471990784793,0.0,0.0,0.6078852340099681,0.0
11438306,0.5389738514480786,0.6666666666666666,0.6511491731362948,0.7831812832360832,0.2542886725149111,0.6840179333040927,0.0,0.5929216554546446,0.3775044787189333,0.0,0.0,0.1157281912831259,0.0729250409632957,0.0,0.8438361458701482,0.1339407744874717,0.5764513457595579,0.545709439320928,0.0486198208992317,0.3575102880658434,0.0,0.5967320392695673,0.619549590039997,0.0,0.604859096821607,0.0,0.7629654934170523,0.6777283266410811,0.406700370195498,0.9368675597356284,0.0204081632653061,0.0,0.3723396452134693,0.0
44398518,0.6241767748906084,0.8333333333333333,0.985722165281912,0.8693858438398958,0.3302401940274153,0.602784601161673,0.0,0.6831759294354358,0.3544457274341491,0.0,0.0,0.0858686375369742,0.1242410541117497,0.0,0.8013714723029648,0.1339407744874717,0.6136658010671963,0.7261856024873365,0.0453936353839897,0.2716049382716049,0.0,0.4458960556316786,0.5450770727082412,0.0,0.5869647598604688,0.0,0.7802765458776033,0.6445295499717532,0.5810005288507115,0.9444351223859572,0.0204081632653061,0.0,0.3938612214229657,0.0
155538896,0.4333413364035769,0.8333333333333333,0.7766700028921361,0.5618611940224926,0.4061917155399244,0.6882697320218086,0.0,0.7982929425155638,0.1688852018815384,0.0,0.1428571428571428,0.0148015776805832,0.1001462903672712,1.0,0.7726949473976599,0.1339407744874717,0.5764513457595579,0.840253150915004,0.1176708465633016,0.553181386514721,0.0,0.4693614225797123,0.6737075438413911,0.0,0.5364225910790905,0.0,0.4064410718223396,0.6665389340538411,0.2825170104786856,0.9048698565218812,0.0204081632653061,0.0,0.2779289479510727,0.0
124207914,0.6241767748906084,0.8333333333333333,0.985722165281912,0.8693858438398958,0.3302401940274153,0.602784601161673,0.0,0.6831759294354358,0.3544457274341491,0.0,0.0,0.0858686375369742,0.1242410541117497,0.0,0.8013714723029648,0.1339407744874717,0.6136658010671963,0.7261856024873365,0.0453936353839897,0.2716049382716049,0.0,0.4458960556316786,0.5450770727082412,0.0,0.5869647598604688,0.0,0.7802765458776033,0.6445295499717532,0.5810005288507115,0.9444351223859572,0.0204081632653061,0.0,0.3938612214229657,0.0
147696567,0.4196754706141836,0.6666666666666666,0.5604533542101338,0.4102002180500627,0.7821517470268291,0.6981892146682235,1.0,0.5518696275910137,0.6125451219960781,0.0,0.0,0.0,0.0,0.0,0.8908857557032956,0.1339407744874717,0.7823947810280734,0.5095380275389736,0.0690467461778631,0.4605887939221273,0.0,0.6653512992701458,0.4082313433101085,0.0,0.6122798963298086,0.0,0.5390489918697269,0.6536126215211189,0.2324002115402844,0.9565013261809088,0.0,0.0,0.4928069146154687,0.0
12575662,1.0000000000000002,0.6666666666666666,0.5811878954782042,0.4768847301397482,0.9043975292707684,0.3869738693542809,0.6349064125127014,0.7222170357513327,0.1468755239995405,0.0,0.0,0.0,0.0,0.0,0.9926127049123228,0.0,0.8709916779998379,0.5027268269005849,0.174333056770855,0.0,0.0,0.5356740933341133,0.0788600668203113,0.6666666666666666,0.0,0.0,0.0689964206861441,0.0,0.0,0.0,0.0,0.0,0.093676720626121,0.0
102304523,0.5941930473842705,0.6666666666666666,0.9960248536690336,0.6555665928841292,0.1266479210841713,0.7281051499381913,0.0,0.6741876561868683,0.2604446808154396,0.0,0.0,0.090739660413885,0.1664204243839689,0.0,0.6744927802601997,0.1339407744874717,0.5764513457595579,0.6563722551399267,0.0572941844693745,0.1807760141093476,0.0,0.6067964900065703,0.6429916359429196,0.0,0.5952005783854206,0.0,0.7850952723252298,0.6638357364899374,0.2905002644253554,0.8649402658770255,0.0204081632653061,0.0,0.2119006469252495,0.0
44398621,0.6425561561706787,0.6666666666666666,0.8878730192934112,0.8568570475850015,0.2483549598967469,0.6892533888164346,0.0,0.5993153887208529,0.5270171407060983,0.0,0.0,0.0462151532025878,0.0353719650048282,0.0,0.7174457299991188,0.1339407744874717,0.6136658010671963,0.5876358509882351,0.0446476149956893,0.3296857463524133,0.0,0.5486616725622305,0.6087665728842887,0.0,0.6108187548415023,0.0,0.8322309528466165,0.658341812444535,0.6972006346208565,0.9681702943334832,0.0612244897959183,0.0,0.4150912301679164,0.0
101064669,0.5221860430429648,0.6666666666666666,0.6448180339239742,0.5703451007116195,0.1403613902461526,0.7082126623630757,0.0,0.5824491677823548,0.2230261352005055,0.0,0.0,0.0349932547016956,0.1176094904415808,1.0,0.653795486246747,0.1339407744874717,0.6114751501881556,0.5862403979384658,0.0750514443966853,0.4273504273504276,0.0,0.6263918117677157,0.5424675181967518,0.0,0.5486566402345554,0.0,0.660318151545785,0.6290474470869094,0.1162001057701425,0.7944634886380779,0.0,0.0,0.2700081067677933,0.0
131864097,0.6052465123945927,1.0,0.987762028027254,0.8708666504868832,0.4342214437171554,0.5975863206258628,0.0,0.7310805007268482,0.4604069596956758,0.0,0.0,0.0,0.0,0.0,0.792858079238508,0.1339407744874717,0.6454303467628093,0.8580153442080458,0.0488281070890109,0.4085831863609644,0.0,0.4144317289752391,0.4668381711533169,0.0,0.5224965750300603,0.0,0.7708318374105164,0.6099799092206067,0.5810005288507115,0.9435384041379424,0.0,0.0,0.4598065812383385,0.0
6542165,0.9652228047013072,0.6666666666666666,0.5811878954782042,0.0809321574899264,0.716327095049325,0.7070287740458548,0.0,0.4552780608951277,0.1469861549127024,0.0,0.0,0.0,0.0,0.0,0.8643141809204691,0.0,0.5952308874367809,0.324398459412714,0.174333056770855,0.0,0.0,1.0,0.0139391110647518,0.0,0.0736307582527064,0.0,0.0689964206861441,0.0,0.0,0.6019615110903502,0.0,0.0,0.0499153277067059,0.0
155541320,0.4278126071740006,1.0,0.7552729946422454,0.5219351210721084,0.4549645063151089,0.6619231897358014,0.0,0.4259352835966845,0.5474660533387506,0.0,0.2857142857142857,0.0,0.0,1.0,1.0000000000000002,0.1339407744874717,0.5764513457595579,0.7113947496047229,0.1245939736769726,0.2946127946127946,0.0,0.4686590241462028,0.5304162780708341,0.0,0.5371613373261956,0.2857142857142857,0.3695051799406669,0.6762684092997671,0.348600317310427,0.9395435708316806,0.0408163265306122,0.0,0.0585952048947189,0.0
1477298,0.6433111374784632,0.6666666666666666,0.9941453114868086,0.8665715685132609,0.2089287360560541,0.6860527331682754,0.0,0.6099263018620997,0.5342396203131158,0.0,0.0,0.0,0.0,0.0,0.8112144872659017,0.1339407744874717,0.5764513457595579,0.5642381590791747,0.0448210593376811,0.2530864197530864,0.0,0.5784709061656327,0.6799542076701237,0.0,0.6195007544604803,0.0,0.7818507735607789,0.694345996749824,0.5810005288507115,0.962557578361674,0.0408163265306122,0.0,0.323469174880876,0.0
44566899,0.4710817812892842,0.6666666666666666,0.5811878954782042,0.4969677556302882,0.3388033557665699,0.7240166320424083,0.0,0.9118947508050516,0.2157387911229301,0.0,0.0,0.2232807689974692,0.5825160293125534,0.0,0.3179179836833581,0.1339407744874717,0.5764513457595579,0.8542631979862215,0.0575753874964397,0.0,0.0,0.5742398741370296,0.9001858098731774,0.0,0.513936312760852,0.0,0.0689964206861441,0.5996857457287064,0.2164337036469436,0.7953674328632627,0.0,0.0,0.8108162414098958,0.0
7075896,0.4665795878062451,0.6666666666666666,0.5811878954782042,0.282219936829432,0.366633631418825,0.6750090018965916,0.0,0.805556335674515,0.2086974779858963,0.0,0.0,0.0,0.0,0.0,0.2850658612252357,0.1339407744874717,0.5764513457595579,0.9063064867647318,0.048273111141125,0.0,0.0,0.0243401216399916,0.8055810443780357,0.0,0.4833174354584226,0.0,0.0689964206861441,0.9779807395382352,0.2164337036469436,0.7394241391078675,0.0,0.0,0.9119243292286744,0.0
637596,0.4665795878062451,0.6666666666666666,0.5811878954782042,0.282219936829432,0.366633631418825,0.6750090018965916,0.0,0.805556335674515,0.2086974779858963,0.0,0.0,0.0,0.0,0.0,0.2850658612252357,0.1339407744874717,0.5764513457595579,0.9063064867647318,0.048273111141125,0.0,0.0,0.0243401216399916,0.8055810443780357,0.0,0.4833174354584226,0.0,0.0689964206861441,0.9779807395382352,0.2164337036469436,0.7394241391078675,0.0,0.0,0.9119243292286744,0.0
12206395,0.4764708701332829,0.6666666666666666,0.5811878954782042,0.6924714673967354,0.3140653329645682,0.797231072462001,0.0,1.0,0.2272368174028795,0.0,0.0,0.0,0.0,0.0,0.3412362849672889,0.1339407744874717,0.5764513457595579,0.8084880638631836,0.0675380835651011,0.0,0.0,0.4011580909833807,0.9859663696105868,0.0,0.5339999291667432,0.0,0.0689964206861441,0.7635315940947465,0.2164337036469436,0.8466336939889185,0.0,0.0,0.7270423864506823,0.0
44398596,0.5759060864010972,0.6666666666666666,0.8904470759567913,0.5936826044144489,0.299045819120495,0.6858626935840281,0.0,0.724828026551143,0.4173143706824233,0.0,0.0,0.1308572207359216,0.4513681829059637,0.0,0.5457133682869346,0.1339407744874717,0.6136658010671963,0.8079774284436813,0.0552842688398244,0.3812636165577343,0.0,0.6232686518867252,0.6292189125273903,0.0,0.5828861850465241,0.0,0.8352051536555792,0.5745004989124857,0.51491722201897,0.9230126288622472,0.0408163265306122,0.0,0.5503784209759581,0.0
927723,0.4490379738612493,0.6666666666666666,0.5811878954782042,0.8375215057704171,0.4342214437171603,0.3151054484957155,0.0,0.9491936625515638,0.1364220254713462,0.0,0.0,0.195274687183015,0.5962651333464455,0.0,0.1988825282786528,0.1339407744874717,0.5764513457595579,0.7712242636369088,0.0164515964877356,0.0,0.0,0.8885752651376579,0.7125823442279247,0.0,0.4732975860651791,0.0,0.0689964206861441,0.0,0.1082168518234721,0.4548807989290426,0.0,0.0,0.4273520020765737,0.0
155535405,0.6425561561706787,0.6666666666666666,0.8878730192934112,0.8568570475850015,0.2483549598967469,0.6892533888164346,0.0,0.5993153887208529,0.5270171407060983,0.0,0.0,0.0462151532025878,0.0353719650048282,0.0,0.7174457299991188,0.1339407744874717,0.6136658010671963,0.5876358509882351,0.0446476149956893,0.3296857463524133,0.0,0.5486616725622305,0.6087665728842887,0.0,0.6108187548415023,0.0,0.8322309528466165,0.658341812444535,0.6972006346208565,0.9681702943334832,0.0612244897959183,0.0,0.4150912301679164,0.0
155542695,0.641800978960489,0.6666666666666666,0.8836573939640906,0.8457509640165115,0.2720106942011595,0.6923822275047183,0.0,0.591913001584897,0.7899254381731972,0.0,0.0,0.0,0.0,0.0,0.6664412879737718,0.1339407744874717,0.6454303467628115,0.5967324646216764,0.0442506260123726,0.3522149600580972,0.0,0.5367860267743704,0.5702419176405683,0.0,0.60106432697133,0.0,0.8270066132288667,0.6440884443382375,0.8134007403909972,0.9705210208662316,0.0816326530612244,0.0,0.4743771113676656,0.0
155557852,0.6425561561706787,0.6666666666666666,0.8878730192934112,0.8568570475850015,0.2483549598967469,0.6892533888164346,0.0,0.5993153887208529,0.5270171407060983,0.0,0.0,0.0462151532025878,0.0353719650048282,0.0,0.7174457299991188,0.1339407744874717,0.6136658010671963,0.5876358509882351,0.0446476149956893,0.3296857463524133,0.0,0.5486616725622305,0.6087665728842887,0.0,0.6108187548415023,0.0,0.8322309528466165,0.658341812444535,0.6972006346208565,0.9681702943334832,0.0612244897959183,0.0,0.4150912301679164,0.0
155524456,0.6425561561706787,0.6666666666666666,0.8878730192934112,0.8568570475850015,0.2483549598967469,0.6892533888164346,0.0,0.5993153887208529,0.5270171407060983,0.0,0.0,0.0462151532025878,0.0353719650048282,0.0,0.7174457299991188,0.1339407744874717,0.6136658010671963,0.5876358509882351,0.0446476149956893,0.3296857463524133,0.0,0.5486616725622305,0.6087665728842887,0.0,0.6108187548415023,0.0,0.8322309528466165,0.658341812444535,0.6972006346208565,0.9681702943334832,0.0612244897959183,0.0,0.4150912301679164,0.0
71624013,0.622508482073602,0.6666666666666666,0.946510185858572,0.4187748769372235,0.4342214437171554,0.8475334963725435,0.0,0.713850119318087,0.3994392603294004,0.0,0.0,0.0,0.0,0.0,0.6291085703622616,0.2678815489749431,0.7638597118504862,0.7632706443629478,0.0982313496211867,0.2435769102435772,0.0,0.559202313797551,0.6639503255222836,0.0,0.5159093469775637,0.0,0.6996221820947983,0.6500350553015807,0.5810005288507115,0.941333762006598,0.0,0.0,0.4470929124305647,0.0
16395765,0.4835352835323832,0.5,0.5811878954782042,0.5060065328923485,0.3140653329645682,0.8009742429454935,0.0,0.4414776892904044,0.2423616954249273,0.0,0.0,0.0,0.0,0.0,0.3062816092021034,0.1339407744874717,0.5764513457595579,0.4666710307873455,0.0704967665568465,0.0,0.0,0.2948413055339528,1.0,0.0,0.543440799248117,0.0,0.0689964206861441,0.8502965479691473,0.2475127628419039,0.828474776622202,0.0,0.0,0.6271479615369164,0.0
44398517,0.641800978960489,0.6666666666666666,0.8836573939640906,0.8457509640165115,0.2720106942011595,0.6923822275047183,0.0,0.591913001584897,0.7899254381731972,0.0,0.0,0.0,0.0,0.0,0.6664412879737718,0.1339407744874717,0.6454303467628115,0.5967324646216764,0.0442506260123726,0.3522149600580972,0.0,0.5367860267743704,0.5702419176405683,0.0,0.60106432697133,0.0,0.8270066132288667,0.6440884443382375,0.8134007403909972,0.9705210208662316,0.0816326530612244,0.0,0.4743771113676656,0.0
13879946,0.5861478732931362,0.6666666666666666,0.5811878954782042,0.6597118065917174,0.3981746104913801,0.4512628804705899,0.0,0.8990197425740846,0.1613439535668166,0.0,0.0,0.0079381053819649,0.1679420726999002,0.0,0.3602864156443912,0.1339407744874717,0.5764513457595579,0.8611598602581935,0.032075293279814,0.0,0.0,0.1551935017706993,0.6797117849231821,0.0,0.4840517898607084,0.0,0.0689964206861441,0.842211591864292,0.1082168518234721,0.5978553121742598,0.0,0.0,0.5267438923669923,0.0
124350775,0.5389738514480786,0.6666666666666666,0.6511491731362948,0.7831812832360832,0.2542886725149111,0.6840179333040927,0.0,0.5929216554546446,0.3775044787189333,0.0,0.0,0.1157281912831259,0.0729250409632957,0.0,0.8438361458701482,0.1339407744874717,0.5764513457595579,0.545709439320928,0.0486198208992317,0.3575102880658434,0.0,0.5967320392695673,0.619549590039997,0.0,0.604859096821607,0.0,0.7629654934170523,0.6777283266410811,0.406700370195498,0.9368675597356284,0.0204081632653061,0.0,0.3723396452134693,0.0
124306166,0.4710817812892842,0.6666666666666666,0.5811878954782042,0.4969677556302882,0.3388033557665699,0.7240166320424083,0.0,0.9118947508050516,0.2157387911229301,0.0,0.0,0.2232807689974692,0.5825160293125534,0.0,0.3179179836833581,0.1339407744874717,0.5764513457595579,0.8542631979862215,0.0575753874964397,0.0,0.0,0.5742398741370296,0.9001858098731774,0.0,0.513936312760852,0.0,0.0689964206861441,0.5996857457287064,0.2164337036469436,0.7953674328632627,0.0,0.0,0.8108162414098958,0.0
155529401,0.5019615421056509,0.8333333333333333,0.7718918770788725,0.6319804420803636,0.3531566013803284,0.6698128290736113,0.0,0.5128854828768802,0.194548583313496,0.0,0.1428571428571428,0.0119361174339459,0.0650216786043745,1.0,0.9373549018548208,0.1339407744874717,0.5764513457595579,0.6523466044555551,0.0948897145901287,0.4050925925925926,0.0,0.5071832702924761,0.5824350577277135,0.0,0.5924027866041612,0.0,0.7476845690612081,0.6779072302983562,0.4648004230805689,0.9427808848549444,0.0408163265306122,0.0,0.1705390593417162,0.0
155546037,0.6241767748906084,0.8333333333333333,0.985722165281912,0.8693858438398958,0.3302401940274153,0.602784601161673,0.0,0.6831759294354358,0.3544457274341491,0.0,0.0,0.0858686375369742,0.1242410541117497,0.0,0.8013714723029648,0.1339407744874717,0.6136658010671963,0.7261856024873365,0.0453936353839897,0.2716049382716049,0.0,0.4458960556316786,0.5450770727082412,0.0,0.5869647598604688,0.0,0.7802765458776033,0.6445295499717532,0.5810005288507115,0.9444351223859572,0.0204081632653061,0.0,0.3938612214229657,0.0
23278156,0.4764708701332829,0.6666666666666666,0.5811878954782042,0.6924714673967354,0.3140653329645682,0.797231072462001,0.0,1.0,0.2272368174028795,0.0,0.0,0.0,0.0,0.0,0.3412362849672889,0.1339407744874717,0.5764513457595579,0.8084880638631836,0.0675380835651011,0.0,0.0,0.4011580909833807,0.9859663696105868,0.0,0.5339999291667432,0.0,0.0689964206861441,0.7635315940947465,0.2164337036469436,0.8466336939889185,0.0,0.0,0.7270423864506823,0.0
736756,0.9652228047013072,0.6666666666666666,0.5811878954782042,0.0809321574899264,0.716327095049325,0.7070287740458548,0.0,0.4552780608951277,0.1469861549127024,0.0,0.0,0.0,0.0,0.0,0.8643141809204691,0.0,0.5952308874367809,0.324398459412714,0.174333056770855,0.0,0.0,1.0,0.0139391110647518,0.0,0.0736307582527064,0.0,0.0689964206861441,0.0,0.0,0.6019615110903502,0.0,0.0,0.0499153277067059,0.0
11267350,0.4745372242476757,0.6666666666666666,0.6441224288480873,0.7446621765120309,0.2931686180510757,0.6819694635078698,0.0,0.5762976969207916,0.5491830668499923,0.0,0.0,0.0,0.0,0.0,0.8773240333886043,0.1339407744874717,0.5764513457595579,0.5280823946571838,0.052711411290092,0.4320987654320988,0.0,0.6116038996905261,0.5906318827035721,0.0,0.5775802854594225,0.0,0.6576165550264756,0.6629444880634678,0.2324002115402844,0.9198616117637192,0.0,0.0,0.4216928448519053,0.0
165356,0.885016848602644,0.6666666666666666,0.5811878954782042,0.6744598925570142,0.5243385267816003,0.2620261279553916,0.0,0.599109630368065,0.0889909353208187,0.0,0.0,0.0,0.0,0.0,0.6380150998099843,0.1339407744874717,0.5764513457595579,1.0,0.0,0.0,0.0,0.5356740933341133,0.0,0.0,0.2431576488931472,0.0,0.0689964206861441,0.0,0.0,0.3155108817365297,0.0,0.0,0.1449397649147494,0.0
155533576,0.5759060864010972,0.6666666666666666,0.8904470759567913,0.5936826044144489,0.299045819120495,0.6858626935840281,0.0,0.724828026551143,0.4173143706824233,0.0,0.0,0.1308572207359216,0.4513681829059637,0.0,0.5457133682869346,0.1339407744874717,0.6136658010671963,0.8079774284436813,0.0552842688398244,0.3812636165577343,0.0,0.6232686518867252,0.6292189125273903,0.0,0.5828861850465241,0.0,0.8352051536555792,0.5745004989124857,0.51491722201897,0.9230126288622472,0.0408163265306122,0.0,0.5503784209759581,0.0
124306170,0.4710817812892842,0.6666666666666666,0.5811878954782042,0.4969677556302882,0.3388033557665699,0.7240166320424083,0.0,0.9118947508050516,0.2157387911229301,0.0,0.0,0.2232807689974692,0.5825160293125534,0.0,0.3179179836833581,0.1339407744874717,0.5764513457595579,0.8542631979862215,0.0575753874964397,0.0,0.0,0.5742398741370296,0.9001858098731774,0.0,0.513936312760852,0.0,0.0689964206861441,0.5996857457287064,0.2164337036469436,0.7953674328632627,0.0,0.0,0.8108162414098958,0.0
637595,0.6433111374784632,0.6666666666666666,0.9941453114868086,0.8665715685132609,0.2089287360560541,0.6860527331682754,0.0,0.6099263018620997,0.5342396203131158,0.0,0.0,0.0,0.0,0.0,0.8112144872659017,0.1339407744874717,0.5764513457595579,0.5642381590791747,0.0448210593376811,0.2530864197530864,0.0,0.5784709061656327,0.6799542076701237,0.0,0.6195007544604803,0.0,0.7818507735607789,0.694345996749824,0.5810005288507115,0.962557578361674,0.0408163265306122,0.0,0.323469174880876,0.0
155554970,0.5232672800467064,0.6666666666666666,0.9860842823371192,0.7184882925700368,0.3981746104913801,0.610561904402907,0.0,0.5016988839386863,0.5810472586516898,0.0,0.0,0.0,0.0,0.0,0.860046241477419,0.1339407744874717,0.6454303467628115,0.6548356984716578,0.0610213772397765,0.5448201825013432,0.0,0.4933580633377984,0.548031761220718,0.0,0.5293211560140278,0.0,0.7679356832990613,0.5886026231386904,0.5810005288507115,0.945658420482356,0.0408163265306122,0.0,0.4081148585791532,0.0
155527889,0.5734328000272995,0.6666666666666666,0.8912347138868282,0.7641364918832242,0.2850621338173917,0.7232879217017717,0.0,0.8151322704146674,0.4075366420712584,0.0,0.0,0.0306357034106308,0.0771066536100602,0.0,0.5216192454209065,0.1339407744874717,0.6136658010671985,0.7681856618296073,0.0590825587956574,0.4191033138401561,0.0,0.5070388327251523,0.7201589756790502,0.0,0.5864873805094168,0.0,0.8360015809633045,0.6621979118773795,0.51491722201897,0.9312595436891322,0.0408163265306122,0.0,0.5027215014366397,0.0
676439,0.885016848602644,0.6666666666666666,0.5811878954782042,0.6744598925570142,0.5243385267816003,0.2620261279553916,0.0,0.599109630368065,0.0889909353208187,0.0,0.0,0.0,0.0,0.0,0.6380150998099843,0.1339407744874717,0.5764513457595579,1.0,0.0,0.0,0.0,0.5356740933341133,0.0,0.0,0.2431576488931472,0.0,0.0689964206861441,0.0,0.0,0.3155108817365297,0.0,0.0,0.1449397649147494,0.0
155543213,0.641800978960489,0.6666666666666666,0.8836573939640906,0.8457509640165115,0.2720106942011595,0.6923822275047183,0.0,0.591913001584897,0.7899254381731972,0.0,0.0,0.0,0.0,0.0,0.6664412879737718,0.1339407744874717,0.6454303467628115,0.5967324646216764,0.0442506260123726,0.3522149600580972,0.0,0.5367860267743704,0.5702419176405683,0.0,0.60106432697133,0.0,0.8270066132288667,0.6440884443382375,0.8134007403909972,0.9705210208662316,0.0816326530612244,0.0,0.4743771113676656,0.0
155563556,0.4559754936783047,0.6666666666666666,0.9365287335154706,0.1710102678577783,0.5264482912680575,0.8049131248273526,0.499999999999998,0.6572252923849484,0.0531536737203477,0.0,0.0,0.8946949580355227,0.1682967298163598,1.0,0.580559255221744,0.2009111617312072,0.7662738526604783,0.7495589060626097,0.1343069276844429,0.3683127572016464,0.033442168586623,0.5835585937674668,0.5525072055991701,0.0,0.513470050425263,0.0,0.6823920235482757,0.6280111613091861,0.2905002644253554,0.9100350749233832,0.0,0.0,0.389084865262338,0.0
13783108,0.7180317567723118,0.6666666666666666,0.9971258600969948,0.7837029410332099,0.3140653329645682,0.4502550489652924,0.0,0.6521785894120976,0.2437431971338387,0.0,0.0,0.0363484844599587,0.1080174620681056,0.0,0.7699672551163816,0.1339407744874717,0.5764513457595579,0.7507691003396361,0.0387319223996689,0.7716049382716049,0.0,0.3939094536383258,0.456302283081118,0.0,0.5877360839426915,0.0,0.7869958489810528,0.8161755351018952,0.2905002644253554,0.6556949400210446,0.0204081632653061,0.0,0.2211074295037469,0.0
6932481,0.9652228047013072,0.6666666666666666,0.5811878954782042,0.0809321574899264,0.716327095049325,0.7070287740458548,0.0,0.4552780608951277,0.1469861549127024,0.0,0.0,0.0,0.0,0.0,0.8643141809204691,0.0,0.5952308874367809,0.324398459412714,0.174333056770855,0.0,0.0,1.0,0.0139391110647518,0.0,0.0736307582527064,0.0,0.0689964206861441,0.0,0.0,0.6019615110903502,0.0,0.0,0.0499153277067059,0.0
155546623,0.6956327681544918,0.6666666666666666,0.889984047749087,0.7801765767625051,0.3302401940274153,0.5901919069550196,0.0,0.6361843493786684,0.3929407213832411,0.0,0.0,0.0275116936783668,0.056274799705583,0.0,0.6260074191560681,0.1339407744874717,0.6136658010671963,0.7476422442712384,0.0461016946603367,0.422602089268756,0.0,0.4625127071679895,0.4437248142865641,0.0,0.5768071156968171,0.0,0.834829757302677,0.6947809024316502,0.406700370195498,0.914254300866165,0.0408163265306122,0.0,0.3451215560971497,0.0
13526521,0.6052465123945927,1.0,0.987762028027254,0.8708666504868832,0.4342214437171554,0.5975863206258628,0.0,0.7310805007268482,0.4604069596956758,0.0,0.0,0.0,0.0,0.0,0.792858079238508,0.1339407744874717,0.6454303467628093,0.8580153442080458,0.0488281070890109,0.4085831863609644,0.0,0.4144317289752391,0.4668381711533169,0.0,0.5224965750300603,0.0,0.7708318374105164,0.6099799092206067,0.5810005288507115,0.9435384041379424,0.0,0.0,0.4598065812383385,0.0
7074739,0.6884747146459602,0.6666666666666666,0.5811878954782042,0.4014074914462897,0.4900548538766478,0.7024990451916501,0.0,0.8033122822321848,0.1834671006274325,0.0,0.0,0.1643077349954065,0.4270140759210879,0.0,0.2153220090422325,0.0669703872437358,0.5860438730008667,0.6222687427622926,0.1012152964615317,0.0,0.0,0.3004343550772953,0.5716973345725387,0.0,0.4705500348209561,0.0,0.0689964206861441,0.6846431888211325,0.1082168518234721,0.5950424913045187,0.0,0.0,0.4057719557279424,0.0
7076549,0.5829381576895096,0.6666666666666666,0.9979955066673192,1.0,0.3388033557665699,0.3483777798663908,0.0,0.6328118996048939,0.1923210164028818,0.0,0.0,0.2119358944080623,0.4779782126292156,0.0,0.6867596970876058,0.1339407744874717,0.5764513457595579,0.6122288227833823,0.0320955133469447,0.0,0.0,0.5344389261947207,0.478953736095348,0.0,0.5841812571122045,0.0,0.7884970481824382,0.6560969944160422,0.2905002644253554,0.5449620013861152,0.0204081632653061,0.0,0.1048121275042972,0.0
928502,0.5525003893579892,0.6666666666666666,1.0,0.7683969512191933,0.253987277588275,0.7195394515466388,0.0,0.8675837197029541,0.272316394778655,0.0,0.0,0.0296028844466797,0.0409354755215148,0.0,0.5648579173734083,0.1339407744874717,0.5764513457595579,0.7498403381576179,0.0537340072205214,0.4629629629629629,0.0,0.5066955485862046,0.8371656402836453,0.0,0.5991874796194407,0.0,0.7919572398199216,0.7119809852971815,0.3987171162488275,0.8920162686562283,0.0204081632653061,0.0,0.4661323586130488,0.0
155551464,0.5734328000272995,0.6666666666666666,0.8912347138868282,0.7641364918832242,0.2850621338173917,0.7232879217017717,0.0,0.8151322704146674,0.4075366420712584,0.0,0.0,0.0306357034106308,0.0771066536100602,0.0,0.5216192454209065,0.1339407744874717,0.6136658010671985,0.7681856618296073,0.0590825587956574,0.4191033138401561,0.0,0.5070388327251523,0.7201589756790502,0.0,0.5864873805094168,0.0,0.8360015809633045,0.6621979118773795,0.51491722201897,0.9312595436891322,0.0408163265306122,0.0,0.5027215014366397,0.0
155548737,0.282643317797223,0.0,0.4217126987020069,0.4848990971237736,0.6270807084396108,0.564368445816375,0.164177543967775,0.81113328387236,0.5202996608159093,1.0,0.0,0.5477714310699133,0.0,1.0,0.3187263034194856,0.1339407744874717,0.1075248851261617,0.7658221830113245,0.0769006616701555,0.3208173072612676,0.5610094403715119,0.293385342603686,0.3121170716397989,0.0,0.4767253115257599,0.0,0.4954599193366293,0.700138634905503,0.1595118273873803,0.8946810244617533,0.1224489795918367,0.25,0.4096110099088383,0.0
155521571,0.337559346115797,0.0,0.2681417247659601,0.3353305579177895,0.7054327711157655,0.5934222038154472,0.164177543967775,0.4569892204248201,0.4370058178100605,0.0,0.0,0.5866433912850112,0.7372214414356799,1.0,0.1769262505159281,0.0,0.8137357223701146,0.2648478303714743,0.058531275282709,0.2284662995434153,0.5,0.4554805336953417,0.4450719866903679,0.3333333333333333,0.5459449332265498,0.1428571428571428,0.6840415264479245,0.720463780034391,0.8567124620082344,0.9108395085121468,0.0816326530612244,0.0,0.0717122962731522,0.0
155512544,0.6079492614228088,0.0,0.7788138323963919,0.036101748075628,0.3834637981176194,0.590821030207063,0.164177543967775,0.6537106716151682,0.8740028767743112,0.0,0.0,0.4422026286242054,0.3325771091749427,1.0,0.6203283418630672,0.0,0.2329144543648614,0.8726325089186966,0.0733078963809404,0.4032921810699589,0.5610094403715119,0.4398593384229022,0.4750092888549528,0.0,0.5460019511126992,0.2857142857142857,0.7596506882413585,0.7438477603560575,0.6824123033530234,0.8985645099625343,0.1632653061224489,0.0,0.4235624303721115,0.0
155541929,0.4147636797040661,0.0,0.6317782887509492,0.3040027702688512,0.4470444278686201,0.7686255769921914,0.164177543967775,0.4529508111717304,0.2999935567990307,0.0,0.0,0.0313881413997604,0.8495000331706752,1.0,0.789697383876456,0.0,0.6898249682855415,0.3983473728637379,0.0577465057655416,0.260897010062318,0.0,0.655333693361942,0.4759387361231755,0.3333333333333333,0.8290473188185592,0.1428571428571428,0.7046762707026432,0.6166952753276675,0.8567124620082344,0.9656240752453198,0.1632653061224489,0.0,0.4294960571132467,0.0
155544269,0.4430109163750516,0.0,0.6327571250752096,0.2123337843507686,0.4868069269698636,0.5933388284442639,0.164177543967775,0.6163963385149656,0.3495213307856671,0.0,0.0,0.7111529079476858,0.8968375819839501,1.0,0.6575658742500856,0.0,0.6759359924953129,0.5869364331086312,0.038771356155095,0.2700662645792963,0.0,0.5791688107236279,0.4897225288041205,0.3333333333333333,0.5459474305074776,0.1428571428571428,0.6552848763816781,0.6705858372638972,0.6824123033530234,0.8729524580756096,0.0816326530612244,0.0,0.4729456376750416,0.0
155554787,0.2755455725462581,0.0,0.4310334711720149,0.4915160037762114,0.4437153839062238,0.5702176438247163,0.164177543967775,0.7819505227445882,0.7252970971146754,0.5,0.0,0.5550250142529332,0.2888978028911252,1.0,0.417578394639851,0.1339407744874717,0.1075248851261617,0.7941147333621321,0.0893652909260036,0.3116041036137061,0.5610094403715119,0.3976516575682213,0.4371563126849828,0.0,0.5460005090889553,0.4285714285714285,0.7065999184395576,0.6784569002017028,0.798612409123164,0.8989686190825945,0.1224489795918367,0.25,0.4774302399683467,0.0
155519743,0.4216980274949087,0.0,0.7515878582797579,0.3609240770409744,0.3718957765623747,0.6424809515995428,0.164177543967775,0.4195626574317945,0.2702162713365305,0.0,0.0,0.0794110185651624,0.0378892233254178,1.0,0.7790569741486753,0.0,0.6898249682855415,0.3443478424545975,0.0552629605965721,0.2061804602956864,0.0,0.6539097862589018,0.5301379866630603,0.3333333333333333,0.8290143004102601,0.1428571428571428,0.7389136688366373,0.6273471499822603,0.8567124620082344,0.9656222805883172,0.1632653061224489,0.0,0.4294647634714568,0.0
155523795,0.5483872090083135,0.0,0.3783182686543349,0.5632284864790953,0.6171199409975139,0.4767146886370609,0.164177543967775,0.7705917412812694,0.8483639072031895,0.5,0.0,0.4813739414093413,0.4930166973058874,1.0,0.5992981514459581,0.1339407744874717,0.1075248851261617,0.7082963509264019,0.0678200445297669,0.2846673834328158,0.5610094403715119,0.3399967510659576,0.430775024291131,0.0,0.4432139708999019,0.2857142857142857,0.5219081502253653,0.7309324656319799,0.3919120389276648,0.8551726871225949,0.0,0.25,0.4297787865869049,0.0
155518104,0.4309754437178064,0.0,0.7508391473972397,0.2972438672470751,0.420960066945129,0.5933093997826385,0.164177543967775,0.4962748608004796,0.8133381465709831,0.0,0.0,0.0461938314489395,0.0,1.0,0.6697990291185056,0.0,0.6898249682855415,0.391600334254752,0.0478503444235513,0.2164213498232701,0.0,0.5534685002110741,0.489343492718914,0.3333333333333333,0.5459448965985496,0.1428571428571428,0.7225898978341433,0.6895241114703254,0.798612409123164,0.8916262761680369,0.0816326530612244,0.0,0.4735970456169383,0.0
155519176,0.2862400461745213,0.0,0.4278218848244451,0.5294363935148212,0.5395912628903354,0.5703003304058686,0.164177543967775,0.5811991510378998,0.9300375683640086,0.5,0.0,0.5565600996963993,0.3060877760611913,1.0,0.3971698298052015,0.1339407744874717,0.3316209188381449,0.6989204574165453,0.0994418162127386,0.3388957320468203,0.5610094403715119,0.4147569370582787,0.3424091767433645,0.0,0.4902729158239074,0.7142857142857142,0.6460034868934287,0.6441021097926111,0.2176118802724513,0.8954596997450817,0.1224489795918367,0.25,0.5450141255030123,0.0
155541159,0.3517783203275111,0.0,0.4596708425681003,0.3266643860801245,0.4800017467842195,0.5933046814048414,0.164177543967775,0.5678261350848031,0.4440017785043203,0.25,0.0,0.0749438458486779,0.0,1.0,0.4325026767538684,0.0,0.6759359924953129,0.5346224001543862,0.0381246948301062,0.2390139813606641,0.0,0.538007746463505,0.4381344137861599,0.3333333333333333,0.5459448954598001,0.1428571428571428,0.7146037276648571,0.702337695050283,0.6824123033530234,0.8854210381768923,0.0816326530612244,0.0,0.368176131418896,0.0
155568076,0.3802221345705256,0.0,0.0,0.3127639433591703,1.0000000000000004,0.6151150692446138,0.164177543967775,0.736892562176125,0.3944158518884569,0.0,0.0,0.7557454639797235,0.906736876929836,1.0,0.2384171064344318,0.0,0.897404415751369,0.5743979196897555,0.068905698424808,0.3038755178672874,1.0,0.5322665152491856,0.3409358316175349,0.3333333333333333,0.5459449131009189,0.1428571428571428,0.6500801935874628,0.7210352639620695,0.6824123033530234,0.8959802281568412,0.0816326530612244,0.0,0.0,0.0
155535893,0.3010703042574884,0.0,0.4290505918584842,0.5333105374433615,0.5395912628903354,0.5648613305399058,0.164177543967775,0.597082206106524,0.5388055054820134,0.5,0.0,0.5486213463266159,0.0,1.0,0.4303714327716745,0.1339407744874717,0.3316209188381449,0.6742142344717249,0.0814223303641714,0.2996645177715141,0.5610094403715119,0.3242265857646188,0.3279023727600463,0.0,0.4902740004435362,0.0,0.6591397113481553,0.6650032926751656,0.1595118273873803,0.8951544589567111,0.1224489795918367,0.25,0.5335533311424585,0.0
155549141,0.381366320488837,0.0,0.7562393724417176,0.410411692185036,0.2931686180510757,0.6468215740856958,0.164177543967775,0.6437051626381742,0.4685907674449719,0.0,0.0,0.1182146953763139,0.0,1.0,0.6369506688034943,0.0,0.6759359924953129,0.5071569157230913,0.0460914434764193,0.2344446714466854,0.0,0.5912326741078084,0.5349169054123918,0.3333333333333333,0.6434577306965599,0.1428571428571428,1.0,0.6439074696791366,1.0,0.9656222648373488,0.2244897959183673,0.0,0.3599450949507419,0.0
155549855,0.5479043379874367,0.0,0.3798315780401177,0.5267078174759618,0.6171199409975139,0.4767158738092053,0.164177543967775,0.7391355294895685,0.8324643040063017,0.5,0.0,0.4833017833713084,0.4734969183370887,1.0,0.5597744170585828,0.1339407744874717,0.1075248851261617,0.7255867909434515,0.0511139309252765,0.4003108358389565,0.5610094403715119,0.4007438893626306,0.4009454254422049,0.0,0.4431960325353676,0.5714285714285714,0.555052795706893,0.730169972846846,0.3338119860425938,0.855150634781149,0.0,0.25,0.4297787865869049,0.0
155551431,0.5260445314654751,0.0,0.3828700475353842,0.5462172567804702,0.4437153839062238,0.5631914856831027,0.164177543967775,0.7796701811235551,0.9096154423821432,0.5,0.0,0.4835859198669472,0.4717121560397364,1.0,0.5019652360296329,0.1339407744874717,0.1075248851261617,0.7624491893483661,0.0613697281801037,0.3942953560411397,0.5610094403715119,0.4229603792766063,0.3659107021087925,0.0,0.546001936998179,0.2857142857142857,0.7252493173352785,0.7080957113625499,0.9148125148933046,0.8987340332540357,0.1224489795918367,0.25,0.4280474249157582,0.0
155515847,0.3006469530529411,0.0,0.4300953059693907,0.4998024064709225,0.5395912628903354,0.563261533320441,0.164177543967775,0.5735259497578897,0.5040804915683007,0.5,0.0,0.5540692097150347,0.0,1.0,0.3893956772390838,0.1339407744874717,0.3316209188381449,0.6886432999801262,0.0638386515529759,0.3993844605674647,0.5610094403715119,0.3861383351256167,0.2971717800995141,0.0,0.4902753656561591,0.2857142857142857,0.6694664000442639,0.6719206012541921,0.1014117745023093,0.8951845859924403,0.1224489795918367,0.25,0.5335533311424585,0.0
155544049,0.4800679982520345,0.0,0.7578188414518342,0.1344789043243692,0.5870286715220785,0.5610880220021145,0.164177543967775,0.6200268498533041,0.614608897897479,0.0,0.0,0.4419001628627242,0.3336368970105461,1.0,0.6918425662264205,0.0,0.2329144543648614,0.8573859147072862,0.0590509170461606,0.4143423258649595,0.5610094403715119,0.4093172219124307,0.4414011976579788,0.0,0.4427663218895201,0.5714285714285714,0.627762271778115,0.7713413607438887,0.1014117745023093,0.7619639482345444,0.0408163265306122,0.0,0.392508920918434,0.0
155564991,0.4757904467108476,0.0,0.7502383619769868,0.2505582302523898,0.3610235758525637,0.5933111831881529,0.164177543967775,0.6321603152715946,0.5146673612553564,0.0,0.0,0.0202876020466758,0.0,1.0,0.6623768058435713,0.0,0.6898249682855415,0.5425341499194728,0.033954541119676,0.2054699337439595,0.0,0.5224854838575304,0.4599183980193489,0.3333333333333333,0.5459449437292729,0.1428571428571428,0.7215269153120342,0.6660699829005232,0.8567124620082344,0.9292515527737052,0.1632653061224489,0.0,0.4150145131074836,0.0
155527779,0.3070472279092971,0.0,0.4357280873318702,0.3568612369306921,0.6013383784737116,0.5820746246025909,0.164177543967775,0.6859652403594955,0.4896249164317466,0.5,0.0,0.4371775131932081,0.347186297941879,1.0,0.430581834654643,0.0,0.2329144543648614,0.8412537098275692,0.1001488821902768,0.2658905954460163,0.5610094403715119,0.3395852584722076,0.3093630332643174,0.0,0.4767242065870345,0.0,0.5603070642914696,0.7333505485459402,0.1595118273873803,0.8943898087553026,0.1632653061224489,0.0,0.3735398972794066,0.0
155566126,0.4440338895273625,0.0,0.7525666946040179,0.2731322135728713,0.4005466700221043,0.5932944467998137,0.164177543967775,0.5825123491407248,0.4003393601578001,0.0,0.0,0.1346427545285713,0.0,1.0,0.6415980886923727,0.0,0.6759359924953129,0.5393155344752996,0.0357512532235886,0.2006221690721007,0.0,0.5724710041513812,0.5557458912169839,0.3333333333333333,0.545944854653853,0.1428571428571428,0.7246119960223302,0.6862422334028692,0.6824123033530234,0.8585556083075607,0.0816326530612244,0.0,0.4753220260587725,0.0
155535847,0.4814061061246973,0.0,0.7480016270088313,0.2431894823237966,0.5870286715220785,0.5626379033574757,0.164177543967775,0.6480136925906559,0.5970383824743449,0.0,0.0,0.4399688493433649,0.3539955522522682,1.0,0.7521251348882914,0.0,0.2329144543648614,0.8350299967505443,0.0781064179777263,0.192567825026673,0.5610094403715119,0.3449288315953252,0.4841373465987854,0.0,0.4428070542998021,0.2857142857142857,0.6002417005925981,0.7707192202017334,0.1595118273873803,0.7619837993637373,0.0408163265306122,0.0,0.392508920918434,0.0
155521673,0.5311732785020946,0.0,0.3791005707781074,0.5143862278081734,0.5487180275140093,0.5631676002197324,0.164177543967775,0.669682734521776,0.496687222263544,1.0,0.0,0.4841913557952643,0.4786373025150673,1.0,0.50953706426182,0.1339407744874717,0.1075248851261617,0.7632191202808106,0.0657970416606231,0.4293784329727446,0.5610094403715119,0.4346679369419998,0.3148513996650636,0.6666666666666666,0.4539595603394435,0.2857142857142857,0.6504093155839276,0.6730176703464394,0.9300625119280398,0.8934301798139095,0.1632653061224489,0.25,0.4268651755153978,0.0
155539395,0.291278895100901,0.0,0.4327810977166941,0.457100077004805,0.4437153839062238,0.5631968194947291,0.164177543967775,0.7782262366598702,1.0,0.5,0.0,0.5537250587132964,0.5935741535125143,1.0,0.4151495500624451,0.1339407744874717,0.1075248851261617,0.7838870844082199,0.0548216990666576,0.3945360043648351,0.5610094403715119,0.3676649910829739,0.3817084533283995,0.0,0.5460019511467289,0.2857142857142857,0.7300628315903929,0.7106284380147619,0.6824123033530234,0.8987857840572206,0.1224489795918367,0.25,0.4658723229391122,0.0
155554387,0.5697354178894707,0.0,0.7691182079023271,0.2223782776884929,0.5003399557481356,0.5909160368081471,0.164177543967775,0.5426722488918121,0.5088316308406394,0.0,0.0,0.4379221624776517,0.3499104419335939,1.0,0.6486061755128014,0.0,0.3849982246851068,0.7480514072771479,0.1063684944010348,0.2420794973463728,0.5610094403715119,0.3858053484448897,0.3592169160158109,0.0,0.4902737445715726,0.0,0.6921373014879934,0.7158695701442366,0.1595118273873803,0.8948740356738107,0.1632653061224489,0.0,0.4824450373643023,0.0
155559639,0.5160437562801479,0.0,0.378199108626756,0.6118599032504027,0.5395912628903354,0.5648568304481333,0.164177543967775,0.5977228873762553,0.5768007559915737,0.5,0.0,0.4792901935614109,0.4858623659273696,1.0,0.509501137743809,0.1339407744874717,0.3316209188381449,0.650332896212326,0.0879279652030829,0.3015210440317748,0.5610094403715119,0.3754737052813488,0.3158981622245423,0.0,0.4902738327538793,0.0,0.6534784848607894,0.6627249020111604,0.3919120389276648,0.8950937835013586,0.1224489795918367,0.25,0.4960462806194867,0.0
155567689,0.3492299645758861,0.0,0.2517253536479633,0.2738899861652907,0.7762185726138893,0.5935012050950671,0.164177543967775,0.4891829322005774,0.4576796735735403,0.0,0.0,0.8750407415648817,0.952059421156724,1.0,0.1910716830039758,0.0,0.8137357223701146,0.2933852219591271,0.0617604901933313,0.286285067296237,0.5,0.4624777584380152,0.4264411476456526,0.3333333333333333,0.5459476114539363,0.1428571428571428,0.6147144068072724,0.7046395640390302,0.8567124620082344,0.9137572759724136,0.0816326530612244,0.0,0.0684750855571698,0.0
162676284,0.2846762826017574,0.0,0.2042885795075554,0.3168067561021669,0.5588893451897019,0.6062744757755457,0.0,0.5819047628325753,0.5530923792977541,0.25,0.1428571428571428,1.0,0.9358607883278914,0.0,0.1495884075696576,0.1234142032511907,0.3634670634802877,0.8683526923896984,0.0988642834199388,0.4021423384168484,0.4936788831677709,0.617957200609452,0.4885148015651205,0.3333333333333333,0.5909100455474139,0.2857142857142857,0.7829022061363557,0.6018570962198897,0.348600317310427,0.85288419325247,0.1632653061224489,0.0,0.6559596234568177,1.0
162648592,0.3403974656902676,0.0,0.5906096732957403,0.4774759465151374,0.4054884607111009,0.7544601351362322,0.0,0.5587526634170754,0.3839080891407617,0.0,0.1428571428571428,0.6200600449270426,0.6242396697196655,0.0,0.4091930772221268,0.0609996246634912,0.3634670634802877,0.6022480241282151,0.1154198835112105,0.4263565891472869,0.4936788831677709,0.7180255591539163,0.6564578163812705,0.3333333333333333,0.830800485207865,0.2857142857142857,0.8387474049355819,0.5631658838075717,0.5229004759656405,1.0000000000000004,0.2448979591836734,0.0,0.6221122095895926,1.0
162646580,0.3094063400909093,0.0,0.2792775131079935,0.6740055840638361,0.823422758980977,0.6160488187508261,0.499999999999998,0.5596062929660335,0.6978835273450731,0.25,0.1428571428571428,0.4102117867794392,0.4926563364101827,1.0,0.1610980980220473,0.0609996246634912,0.609641358912689,0.5374443821998721,0.1275565644954374,0.500287108814242,0.4936788831677709,0.5737964373089262,0.4433270182121482,0.3333333333333333,0.5890115993897069,0.5714285714285714,0.612760237188566,0.6069186387128742,0.1162001057701425,0.8628663952433091,0.1428571428571428,0.0,0.6193557459697538,1.0
162646689,0.3353928849906734,0.0,0.4218496404899272,0.3836483419977689,0.6928182907716436,0.6403421349196595,0.499999999999998,0.5953448659715977,0.5839234335699534,0.0,0.1428571428571428,0.8208825064415076,0.6712717231072586,1.0,0.1427639038813974,0.0609996246634912,0.609641358912689,0.5871961562719763,0.1170588447848614,0.4576934658235472,0.4936788831677709,0.6332035830672277,0.4577829277896075,0.3333333333333333,0.5944603885494386,0.2857142857142857,0.7974466612265456,0.5965743138467389,0.2905002644253554,0.8724613074084888,0.1632653061224489,0.0,0.7467095957099981,1.0
162647153,0.3665209601280028,0.0,0.5898823637763634,0.487641819827604,0.3506345840631799,0.753308860661465,0.0,0.5781039395107255,0.3835320520517938,0.0,0.1428571428571428,0.6189636095408025,0.6237944243442132,0.0,0.4829305484375694,0.1234142032511907,0.3634670634802877,0.6246281084493789,0.1065139756939122,0.4336419753086424,0.4936788831677709,0.7230216749460863,0.7209248080853179,0.3333333333333333,0.8308003713035141,0.2857142857142857,0.8147608524787127,0.5683441576954894,0.5229004759656405,0.9975164260598935,0.2448979591836734,0.0,0.6060142221556457,1.0
162654370,0.3312419384677297,0.0,0.3521642750466814,0.3597646303763753,0.5588893451897019,0.6114659722483929,0.0,0.5749428696439568,0.6183286710101973,0.25,0.1428571428571428,0.8927813866389394,0.7554420044600577,0.0,0.1080324689938918,0.1234142032511907,0.3634670634802877,0.6956794828431696,0.0915669505161485,0.4676393565282459,0.4936788831677709,0.6238218482039485,0.4479547393541617,0.3333333333333333,0.5909475067859606,0.2857142857142857,0.7924683968747254,0.6085705928311496,0.2324002115402844,0.8528208039066802,0.1632653061224489,0.0,0.5437785320909396,1.0
162658036,0.3249186646764657,0.0,0.4529500758016096,0.2827592087185271,0.880888724993087,0.6399378625087685,1.0,0.5607379314090387,0.8061931759559059,0.0,0.1428571428571428,0.415474293126682,0.6121461328459641,1.0,0.3261757293978586,0.0609996246634912,0.7221194148888791,0.6040265872441177,0.1297383742256401,0.4810789049919486,0.4936788831677709,0.6321860010806276,0.3868780567800849,0.3333333333333333,0.5891813347636354,0.7142857142857142,0.6038814425217528,0.6254278966506741,0.0581000528850711,0.8710966683125405,0.1428571428571428,0.0,0.7942236493683426,1.0
162647428,0.3047503678336576,0.0,0.295864319954479,0.8373868039841605,0.6187299378965245,0.6126482448732266,0.0,0.539531868408119,0.6242495513641243,0.25,0.1428571428571428,0.651789152413833,0.5141902787968674,0.0,0.0986188421521347,0.0609996246634912,0.3634670634802877,0.5496083649677794,0.1067760007680249,0.4537871204537876,0.4936788831677709,0.5813420893986803,0.4867493041609418,0.3333333333333333,0.5943303526267272,0.2857142857142857,0.8122643894898418,0.594113212169136,0.2905002644253554,0.865464687935861,0.1632653061224489,0.0,0.5684694976361764,1.0
162663043,0.3010969133919053,0.0,0.3525922924021617,0.361999168235496,0.6187299378965245,0.6137506611910725,0.0,0.5533758926211706,0.6374163454195821,0.25,0.1428571428571428,0.8990699913166953,0.7580466814013908,0.0,0.0615286152527141,0.0609996246634912,0.3634670634802877,0.6778775179407511,0.1031465787538907,0.4561042524005491,0.4936788831677709,0.6252954534075867,0.4017693554220538,0.3333333333333333,0.5943454702425273,0.2857142857142857,0.8164549493315945,0.5989159776242001,0.2324002115402844,0.8655120256685271,0.1632653061224489,0.0,0.5684694976361764,1.0
168292812,0.3027484206361584,0.0,0.5537012777239281,0.3267239908242438,0.6797578439507075,0.636481146500603,0.499999999999998,0.3896081906942066,0.774256414073004,0.25,0.1428571428571428,0.4056949032630584,0.9164004783658092,1.0,0.2818079131875435,0.2318733154822294,0.609641358912689,0.4873129664693559,0.1309841674803377,0.4507608383577378,0.4936788831677709,0.6575015395808848,0.4736569435578889,0.6666666666666666,0.5888936260729754,0.5714285714285714,0.6373578850645033,0.5963782713400881,0.1743001586552135,0.8619772745784129,0.1632653061224489,0.0,0.6800002181720599,1.0
168275423,0.2883786521344827,0.0,0.4931789178588597,0.3150107647081402,0.7646507482867757,0.6248029518331467,0.499999999999998,0.4342616409160468,0.7729911294290334,0.25,0.1428571428571428,0.4049480348839072,0.9164004783658092,1.0,0.2866631216342012,0.0609996246634912,0.609641358912689,0.5576737147430013,0.1309841674803377,0.4507608383577378,0.4936788831677709,0.652322125613324,0.4540312707943258,0.6666666666666666,0.5889371473557068,0.5714285714285714,0.6295870350123596,0.5998829887520826,0.4143253687128654,0.8623377873851825,0.1632653061224489,0.0,0.7288776354275595,1.0
