cid,MATS3e,CATS2D_04_DL,MATS1i,SHED_DA,O-056,nRNHO,CATS2D_00_DA,P_VSA_charge_3,MATS1m,GATS3e,QED,GATS6v,CATS2D_03_DL,minsssN,MATS2e,F07[N-O],P_VSA_charge_4,VE2sign_H2,B08[N-O],GATS8v,CATS2D_07_LL,GATS1p,C-030
1401,0.3934202775376036,0.5714285714285714,0.513454133202337,0.4040706953996742,0.0,0.0,0.0,0.5383203454290859,0.4387908902792085,0.7555968569385091,0.3635921864320987,0.6343620181369427,0.2307692307692307,0.9899405119597304,0.5269228709519447,0.0,0.1351210967661009,0.339506171322508,1.0,0.6218188300199695,0.2,0.6528885401937001,0.0
2375,0.446612084498625,0.0714285714285714,0.7973728581937093,0.3391573438660477,0.125,0.0,0.125,0.5434277632531717,0.6035467549383149,0.4615689778461848,0.5460196291982664,0.8192752436489067,0.2307692307692307,0.0,0.7193623072922599,0.0,0.6113036187391753,0.7381256370900707,1.0,0.5815486356200186,0.025,0.4753598462680525,0.0
3218,1.0,0.1428571428571428,0.8492767727898721,0.1717874319790822,0.0,0.0,0.25,0.0,0.1779142610705773,0.0805083487279948,0.6120317433156978,0.6458806722779158,0.2307692307692307,0.0,0.3895289967031516,0.0,0.0,0.160792239070813,0.0,0.6011147655793362,0.15,0.5734710480195551,0.0
3385,0.480187838612064,0.0,0.5185597274608886,0.1049698145713096,0.0,0.0,0.0,0.2305339090484761,0.0,0.6844244576887658,0.5654243134100772,0.0,0.0,0.0,0.439702410234301,0.0,0.1204267584843323,0.8115391456269272,0.0,0.0,0.0,0.4509140557559167,0.0
4091,0.0,0.0,0.0,0.1130524479553492,0.0,0.0,0.0,0.0,0.0167211744424867,1.0,0.317065441779528,1.0,0.0,0.6152715584153685,0.9999999999999998,0.0,0.1351210967661009,0.8233706115304611,0.0,0.0,0.0,0.8418128899936546,0.0
4261,0.5887806668973747,0.5,0.7815578945080336,0.4329153452442825,0.0,0.0,0.0,0.2305339090484761,0.3021551801820795,0.446818100733186,0.59352894411898,0.5960749873107682,0.6153846153846154,0.0,0.6355620813258226,0.0833333333333333,0.0,0.1123303344752836,0.0,0.6268753016609149,0.25,0.3678476047279481,0.0
5291,0.4965908355551619,0.4285714285714285,0.5741405726695894,0.3061173763019474,0.0,0.0,0.0,0.3077864363806097,0.4671595782087834,0.6312763188165692,0.4317085426558064,0.7078612029443617,0.3846153846153846,0.9639831179708024,0.3963835270807941,0.0833333333333333,0.0,0.248199503765989,1.0,0.6466608911050593,0.325,0.4600339277217357,0.0
5311,0.6787996793007629,0.2857142857142857,0.8657838917047895,0.2845528042955681,0.125,0.5,0.125,0.1326886992823538,0.2207916544346506,0.4050260315600433,0.4474764656473805,0.6686276518701816,0.3846153846153846,0.0,0.5090013678598238,0.0,0.0,0.6663352028741713,0.0,0.605428721702901,0.125,0.4965592294405862,0.0
5746,0.5439417444098055,0.2142857142857142,0.7448800195026632,0.3625958393366717,0.0,0.0,0.0,0.2305339090484761,0.3307702920009474,0.5417869613474103,0.3431077003864744,0.6167589414756528,0.2307692307692307,0.7461793614799033,0.4199615630821967,0.1666666666666666,0.0,0.1081333763515242,1.0,0.6780037486449617,0.0,0.4897849958411043,0.0
6253,0.7321869205816046,0.0,0.5823781284717333,0.4086545670635537,0.375,0.0,0.375,0.2305339090484761,0.1054766729108664,0.5151801676792723,0.3884674045936772,0.7334824237740863,0.0,0.4159170397660002,0.2314281480528069,0.1666666666666666,0.1351210967661009,0.416253413603672,1.0,0.7414084700497259,0.0,0.5722030400890492,0.0
13342,0.7120746737610557,0.5714285714285714,0.6726552086746993,0.5996115673572114,0.25,0.0,0.25,0.4610678180969513,0.4813959147834626,0.4063597103462809,0.1387452595799796,0.6498988289880688,0.6923076923076923,0.797388533610677,0.3816396730255729,0.4166666666666666,0.0,0.1913243496656307,1.0,0.6692334078582495,0.7000000000000001,0.540282043304618,0.0
24360,0.8370897302603078,0.0,0.7066140093162657,0.1717874319790822,0.125,0.0,0.125,0.3844271272387805,0.3933200969185471,0.3182372957711031,0.8927979763270157,0.6480069105889412,0.2307692307692307,0.6742444534771116,0.4550871705358992,0.1666666666666666,0.0,0.0945826774828789,0.0,0.6797491485352288,0.175,0.3556504027660394,0.0
31703,0.5480302555967734,0.5714285714285714,0.9243174994668274,0.6093241237058719,0.375,0.0,0.625,0.0,0.1955051328454609,0.5945168123882144,0.1687337874994866,0.6534815666927979,0.6153846153846154,0.0,0.2271291250936448,0.0,0.0,0.2177419115216092,1.0,0.6702095097435218,0.15,0.4051434536283769,0.0
36314,0.6036035417090305,0.5714285714285714,0.7930770543890289,0.6748424742022985,0.375,0.0,0.375,0.4610678180969513,0.3544922317837213,0.6287291029839331,0.0746259183590647,0.6321322211282707,0.8461538461538463,0.0,0.4695507863296271,0.0,0.0,0.1238165569706599,1.0,0.5768411938420969,1.0,0.4809747845517214,0.0
36462,0.6881499825115756,0.0714285714285714,0.691565199868721,0.5962875187771198,0.25,0.0,0.375,0.0,0.4315396840362638,0.5097852019131605,0.3432851835579495,0.6881489831131039,0.1538461538461538,0.0,0.1999099571110889,0.0,0.0,0.0346502608155072,0.0,0.6704388332855352,0.0,0.5822456215301044,0.0
60750,0.8316206904865081,0.0,0.6114162086947903,0.4137027343130034,0.25,0.0,0.25,0.2305339090484761,0.1125278817905184,0.4897018255515984,0.5839582987946793,0.7930079323903126,0.0,0.2145872095751323,0.3400041418871881,0.0833333333333333,0.3759746137347647,0.2537482447438725,1.0,0.8074443495537209,0.0,0.5906290892005215,0.0
65110,0.5633882907117189,0.0,0.5601816192709625,0.5142101077905578,0.5,0.0,0.5,0.3396706042551126,0.7666442246741294,0.5644823624258467,0.1844949202615934,0.7403917853044907,0.0,0.0,0.6184376380741805,0.5,0.0,0.2291685898464434,1.0,0.5415756348452699,0.0,0.9041263684370467,0.0
68085,0.557863582623018,0.0,0.6362023087435713,0.0,0.0,0.0,0.0,0.1538932181903053,0.5064098386267138,0.5150646532510613,0.6755455154720819,0.8930819772406473,0.0,0.0,0.2283194234350755,0.0,0.0,0.1875048925115655,0.0,0.0,0.0,0.4026767952160383,0.0
82146,0.5933676647587381,0.1428571428571428,0.8581952614754852,0.0598198582706338,0.0,0.0,0.125,0.2305339090484761,0.332905825892435,0.0802889958966014,0.7683564906749696,0.8290893737508245,0.1538461538461538,0.0,0.7038931255503698,0.0,0.0,0.0759755134284236,0.0,0.5686554800294737,0.525,0.4042777307499006,0.0
91466,0.5462118238282924,0.0,0.6015730453325501,0.0,0.0,0.0,0.0,0.0,0.6191313834565808,0.566131235346281,0.7598470488026445,0.6033316069092347,0.0,0.9361647170073216,0.4067243319435083,0.0,0.0,0.1711558216693333,0.0,0.4559426597384108,0.025,0.6205592230090413,0.0
92577,0.5332649582757801,0.2857142857142857,0.8433474103374422,0.5022724806844487,0.25,0.0,0.375,0.0,1.0,0.3412227449387714,0.1987282963060147,0.6855389643511461,0.4615384615384615,0.0,0.7962925608163067,0.0,0.7134257715847199,0.3524630331685483,1.0,0.5835035721953203,0.1,0.5570156568509195,0.0
123631,0.6271605132873207,0.1428571428571428,0.5756136568125749,0.3589191496238029,0.0,0.0,0.0,0.4449438593362681,0.3928732858712976,0.5810545032307176,0.6279554116001688,0.6292951505291974,0.1538461538461538,0.9719891925462124,0.1026780299863948,0.0833333333333333,0.0,0.1605211372214733,0.0,0.6376748145777288,0.05,0.5016256433060402,1.0
124039,0.6642727400035986,0.0,0.7383032349998405,0.0,0.0,0.0,0.0,0.2305339090484761,0.4963167029775527,0.1586211061928371,0.7908377484442721,0.4767086592052079,0.0,0.0,0.4795884616664741,0.0,0.0,0.9414888260712106,0.0,0.4887976143357085,0.0,0.5057511613461296,0.0
126565,0.6559380527807844,0.2142857142857142,0.7526090176198399,0.4231813826640461,0.25,0.0,0.25,0.0,0.4018640016934752,0.6658890974757895,0.3932951850989463,0.7984548138644502,0.3076923076923077,0.0,0.3978519548161838,0.0833333333333333,0.0,0.0430509364763482,1.0,0.7324934124711565,0.275,0.2942957826054778,0.0
126941,0.5037291164108765,0.2142857142857142,0.6257414965148599,0.7938392107956768,0.0,0.0,0.25,0.5383203454290859,0.1819628903265804,0.5209558094250092,0.2182913428364034,0.6578324208361764,0.3846153846153846,0.7630426759728985,0.6224753248167979,0.0,0.2702421935322011,0.1176894857401123,0.0,0.6492843658228171,0.05,0.4416762329126839,0.0
148123,0.5728376680227849,1.0,0.8733024438427521,0.6894596204307611,0.875,0.0,0.5,0.6916017271454274,0.1463849551348967,0.5498809609595113,0.0715081797458728,0.6151480059818862,0.9230769230769232,0.0,0.4881249758826698,0.0,0.0,0.1265634923870077,1.0,0.649772350506324,0.8500000000000001,0.5213646161726966,0.0
156422,0.5312670929760716,0.5714285714285714,0.6780535014662423,0.4859310451674568,0.0,0.0,0.0,0.2468218773970847,0.4939101440818173,0.7787687382621894,0.3328056868485145,0.6277468377402392,0.2307692307692307,0.9622894668708104,0.4150590110313221,0.0833333333333333,0.1341348113882462,0.071588497303941,0.0,0.6467416986210993,0.275,0.5072526657588106,0.0
159324,0.5341712497986624,0.2857142857142857,0.7211566033749595,0.2392794330825352,0.0,0.0,0.0,0.1538932181903053,0.3034419364990723,0.443951155335988,0.4314310140069599,0.6557618218258913,0.3076923076923077,0.6714379751946422,0.3535159024883939,0.0,0.0,0.1431744204983947,1.0,0.6140453200487348,0.375,0.2510724917535696,0.0
176158,0.4648124205129442,0.1428571428571428,0.7377558025701533,0.1130524479553492,0.0,0.0,0.0,0.0,0.2676357328584363,0.5180341592381633,0.7542002314846479,0.6363496797976337,0.1538461538461538,0.0,0.4284851756082576,0.0,0.0,0.1793883616544383,0.0,0.7061611323720219,0.175,0.1854476750111351,0.0
176870,0.7687583082888321,0.2142857142857142,0.5691207967858357,0.3589191496238029,0.0,0.0,0.0,0.3077864363806097,0.4742237968320723,0.6531372942284116,0.5500056925360707,0.6821072121480573,0.2307692307692307,0.0,0.0,0.0833333333333333,0.0,0.2008338940846841,1.0,0.61988597966266,0.125,0.551266728452164,1.0
208908,0.3965521863092062,0.2857142857142857,0.7159765735151067,0.4329153452442825,0.0,0.0,0.0,0.8512141996337813,0.6213521474719947,0.8445474566117731,0.2096023450459401,0.6366598835969852,0.2307692307692307,0.0,0.3290713985936395,0.0833333333333333,0.0,0.1554919210127,0.0,0.6497876854854673,0.225,0.4373735841503506,1.0
216326,0.5161904684885776,0.0714285714285714,0.761515651427545,0.3383922194622668,0.0,0.0,0.0,0.0,0.2915624267209264,0.5455175778454059,0.5956280601173408,0.6812796239349664,0.2307692307692307,0.6108271074470055,0.5408745797014687,0.0833333333333333,0.0,0.3211615010461879,0.0,0.6167256254199466,0.05,0.3765042764139132,0.0
300471,0.5143493392133509,0.2857142857142857,0.8278951042181604,0.2392794330825352,0.0,0.0,0.0,0.0,0.2987285959518205,0.8172781417807723,0.4135793831881508,0.6490879348630325,0.1538461538461538,0.5806265777305872,0.4735794624579444,0.0,0.0,0.502510287255126,0.0,0.494930502589691,0.1,0.2243154954868465,0.0
363863,0.4095949991942403,0.0714285714285714,0.7393357488295538,0.1691961097311334,0.0,0.0,0.125,0.0,0.4384107883528463,0.6116374940857748,1.0,0.7073310751504568,0.0769230769230769,0.0,0.1781543890300631,0.0,0.0,0.2086924978290449,0.0,0.5132736469666368,0.0,0.3890848812463331,0.0
444795,0.5211533760902397,0.1428571428571428,0.8196449870366198,0.0598198582706338,0.0,0.0,0.125,0.2305339090484761,0.2204148017729899,0.1933706417148645,0.564142955992157,0.4245616291899335,0.0769230769230769,0.0,0.7097798162568807,0.0,0.0,0.8841765088712641,0.0,0.4175277281198509,0.3,0.5181808572527622,0.0
446378,0.6846219467050674,0.2857142857142857,0.7222860675551157,0.3941270317691753,0.25,0.0,0.25,0.4610678180969513,0.3611369228645404,0.7040873384532321,0.0792196729829773,0.6881609444591044,0.2307692307692307,0.0,0.599269930769496,0.0,0.0,0.1486926187941528,0.0,0.58608999958791,0.45,0.6833982096538795,0.0
448013,0.4294136634062397,0.2142857142857142,0.7725810240832434,0.2945663818789464,0.25,0.0,0.25,0.1538932181903053,0.426587382843008,0.8701950350555153,0.3924523688625708,0.5813880086188657,0.3846153846153846,0.0,0.447561277862904,0.1666666666666666,0.0,0.1717347232389335,0.0,0.5505432390848153,0.475,0.5234170916498735,0.0
479503,0.5032721245413898,0.2857142857142857,0.9441519505734084,0.2015882675615083,0.125,0.0,0.375,0.0,0.1117712310499118,0.5418245517319306,0.5898879253986653,0.7080412766460806,0.4615384615384615,0.0,0.3353079738126341,0.0,0.0,0.016490783415051,0.0,0.6250877970116544,0.125,0.3313242136243655,0.0
521106,0.7422446475405392,0.2857142857142857,0.9628521396226156,0.0598198582706338,0.0,0.0,0.25,0.0,0.9019920192117692,0.3589420738997706,0.4280524777562741,0.683844450226472,0.3076923076923077,0.0,0.3339588090147717,0.0,0.0,0.0,0.0,0.6550883850746807,0.375,0.0554020947992475,0.0
560326,0.968922875833144,0.0,0.2568370808920582,0.0986659702617684,0.0,0.0,0.0,0.4610678180969513,0.2936105791179949,0.3230721870327629,0.4168816213030805,0.6798654666044308,0.0,0.0,0.3351857529585715,0.0,0.0,0.1591503086417564,0.0,0.5646773312237958,0.0,0.9999999999999998,0.0
644241,0.4982715528613283,0.3571428571428571,0.6594265287956775,0.3856837261414134,0.0,0.0,0.0,0.461679654570915,0.3552699012788938,0.2965930886081934,0.2631414611707807,0.6796622429132959,0.4615384615384615,0.0,0.8659220914624002,0.1666666666666666,0.3612802754529961,0.1202305020164603,1.0,0.6848740493190708,0.35,0.3912186769407702,0.0
984170,0.5607403197718964,0.5,0.897567612585248,0.5075883291934001,0.0,0.0,0.25,0.0,0.3488858135097444,0.6599479006720196,0.694068898013013,0.675907153083852,0.3846153846153846,0.0,0.2297405339398064,0.25,0.1341348113882462,0.3211208853617369,0.0,0.7225980483035768,0.15,0.3715466151536348,0.0
2314623,0.6283327503262819,0.0,0.8545634547655944,0.0,0.0,0.0,0.0,0.0,0.46611593310362,0.5115864985904431,0.791919687575986,0.8000585174390478,0.0,0.0,0.3242290150753211,0.0,0.0,0.4277501695246404,0.0,0.430337794890552,0.05,0.163275364981543,0.0
3005532,0.7306308058648663,0.4285714285714285,0.8097162877472885,0.2743192986501771,0.0,0.0,0.0,0.2305339090484761,0.219772198084413,0.3997869377008806,0.3761185280426148,0.6760762655936815,0.3076923076923077,0.0,0.4474145654567989,0.0,0.5697943312653415,0.1253307974883892,0.0,0.6720675936106548,0.125,0.3818297235882906,0.0
3463933,0.3675518575682176,0.1428571428571428,0.8586046780936226,0.1717874319790822,0.0,0.0,0.0,0.0,0.540919188179166,0.5263278472951082,0.8197780917010761,0.5752950795354592,0.3076923076923077,0.0,0.6716180634758426,0.1666666666666666,0.3567128857923595,0.5575682010206096,0.0,0.7944433955810817,0.25,0.3927624310118219,0.0
5278396,0.446301424941196,0.0,0.7242050618788349,0.0,0.0,0.0,0.0,0.0,0.4925930946462364,0.8058291167344119,0.7766768070931968,0.7024925456750809,0.0,0.8494038499026361,0.2154940786303135,0.0,0.0,0.1220220287162718,0.0,0.6848666145934137,0.15,0.251126768811836,0.0
5280757,0.4517085991858165,0.5714285714285714,0.7177536275809145,0.7365595283643168,0.5,0.0,0.5,0.6916017271454274,0.3575322268062332,0.8103267820757561,0.0285988593274764,0.7374700923169584,0.5384615384615385,0.0,0.5118131597576064,0.0,0.0,0.0711806161644801,0.0,0.6746235387171156,0.775,0.674563425331103,0.0
5280953,0.4545154800418206,0.0714285714285714,0.6964980505927496,0.1196397165412676,0.0,0.0,0.0,0.0,0.4636639007873587,0.7295486919655315,0.7606316610399083,0.6930023657073777,0.2307692307692307,0.0,0.1655855598341809,0.0833333333333333,0.0,0.3866889952612807,0.0,0.6756776052895197,0.0,0.3791392401923386,0.0
5311497,0.7541171687897481,0.5,0.6596061884754179,0.4820325220996176,0.125,0.0,0.125,0.4610678180969513,0.5052742599141058,0.325411755024248,0.1742332137890672,0.6514297378979362,0.4615384615384615,0.8046576089236082,0.3854118341511139,0.3333333333333333,0.0,0.2006399851474437,1.0,0.6666106907929785,0.775,0.5258236790681121,0.0
5328940,0.6839002345777525,0.0714285714285714,0.5299186200481261,0.2614946946070994,0.0,0.0,0.0,0.0,0.3640068603392316,0.5309432762931524,0.4650771281236444,0.6104813646274898,0.2307692307692307,0.9622175235902892,0.0380194294443764,0.25,0.2500233432861791,0.017612894992968,1.0,0.6326533032477835,0.1,0.4630301801143656,0.0
5330286,0.5394329343908181,0.0714285714285714,0.5286030339612727,0.5429059187552562,0.0,0.0,0.0,0.3077864363806097,0.4805200579275237,0.6182726561236972,0.6914088867477038,0.725882635730678,0.0769230769230769,0.7064906787074051,0.5086810036608146,0.0,0.1351210967661009,0.3487555385659849,1.0,0.5703964666233188,0.15,0.532007855799737,0.0
5460769,0.7172657245556152,0.3571428571428571,0.7423834934715334,1.0,1.0,0.0,1.0,1.0,0.3154022451242712,0.5980631779276545,0.0,0.6389279754276044,0.5384615384615385,0.0,0.3626777196955562,1.0,0.0,0.0100032180857822,1.0,0.6218417534536917,0.025,0.4774900210097797,0.0
6450551,0.5345711231050554,0.4285714285714285,0.870045821117926,0.3589191496238029,0.0,0.0,0.0,0.0,0.4360086604137213,0.5476926053835128,0.553429534265569,0.6973211957915911,0.2307692307692307,0.0,0.3805675538092053,0.0,0.1341348113882462,0.3112883111903435,1.0,0.6461097272624544,0.2,0.2318639309818357,0.0
6505803,0.6993916760593327,0.4285714285714285,0.7460331971569426,0.666358220657813,0.125,0.0,0.125,0.2305339090484761,0.2996847988647129,0.4873957244999488,0.20587395634282,0.7369361451511346,0.6923076923076923,0.0,0.4128498177650631,0.25,0.0,0.1796709244416315,1.0,0.6210244251484743,0.45,0.5918031548582605,0.0
6857681,0.6302003198632959,0.0714285714285714,0.8608213380103583,0.0,0.125,0.0,0.125,0.0,0.3239441658142018,0.0,0.7129879578781803,0.43818797594105,0.1538461538461538,0.0,0.2664729832057833,0.0,0.0,0.5285842443528612,0.0,0.7558544167396681,0.125,0.5433737832346606,0.0
6918289,0.7796054559138683,0.2857142857142857,0.7166665577489725,0.8405575051983593,0.5,0.0,0.5,0.2305339090484761,0.3502808400387209,0.4695643107172048,0.0598680890483428,0.7043275600329408,0.4615384615384615,0.4760413352702299,0.3744920091823228,0.0833333333333333,0.0,0.080839034182179,1.0,0.6455718337637987,0.95,0.6822156100952117,0.0
6918454,0.8710101959244894,0.2857142857142857,0.8274492568976436,0.2392794330825352,0.0,0.5,0.0,0.4634098875052814,0.2529617488971876,0.3590531384116531,0.4983671907661289,0.560319479556763,0.4615384615384615,0.0,0.2871946315129695,0.0,0.0,0.0807310570829695,0.0,0.6557545104109481,0.175,0.0591999190612235,0.0
6918837,0.7415649993599971,0.4285714285714285,0.8986377885964802,0.4187390078944367,0.125,0.5,0.125,0.1326886992823538,0.3056595341086442,0.2378905112073737,0.2413653968196106,0.6834131455220852,0.6153846153846154,0.0,0.3542564715564713,0.0,0.0,0.0442650152428796,0.0,0.526566074512968,0.175,0.3308068999828035,0.0
9826528,0.7745468229170493,0.1428571428571428,0.8130125444679419,0.4875949657817716,0.25,0.5,0.25,0.6005673104609389,0.2343938530632125,0.4104252492263858,0.3915802897169581,0.6002680252138985,0.3076923076923077,0.0,0.1702911200164982,0.0,0.0,0.0843165910796217,1.0,0.6297959466673767,0.075,0.0798518938355648,0.0
9829523,0.6643151734296249,0.1428571428571428,0.6558078114451719,0.3435064131153675,0.0,0.0,0.0,0.0,0.5274551559855543,0.7058689139481952,0.2764715737112501,0.7141607547356738,0.1538461538461538,0.7490699945924699,0.4126819650221731,0.0833333333333333,0.0,0.2385419264869964,1.0,0.6930079034378852,0.375,0.381363423374251,0.0
9914412,0.5806644627579232,0.2142857142857142,0.5990687517202893,0.6222437743700021,0.0,0.0,0.0,0.3077864363806097,0.4767425830842372,0.6755218382020868,0.3611415926324743,0.6641036180344981,0.5384615384615385,0.9798163914605064,0.1862743471601859,0.1666666666666666,0.0,0.1209917588657139,0.0,0.6614057754773593,0.2,0.5053054524689553,1.0
9931954,0.5653246651384113,0.3571428571428571,0.7985313312340818,0.1794595748119014,0.0,0.0,0.0,0.1371574229556584,0.3467483053472273,0.3985772782300272,0.7267731382889683,0.7147414679994117,0.6923076923076923,0.0,0.3381700801896032,0.0,0.0,0.2168456567681603,0.0,0.6587393706354457,0.1,0.32168844466646,0.0
9938203,0.6926218054597829,0.0,0.6936579468896493,0.0,0.0,0.0,0.0,0.0,0.4575924415064203,0.2611328827651404,0.4058626782833993,0.7485618028309258,0.0,0.8924919766419834,0.5379349423861577,0.0,0.3612802754529961,0.1547967920314291,0.0,0.6317089654151289,0.125,0.4654351395472685,0.0
9943465,0.6279853481219935,0.0714285714285714,0.6702360314003546,0.1794595748119014,0.0,0.0,0.0,0.0,0.4364207729611136,0.4549923463420472,0.795144409919437,0.5245167882761222,0.1538461538461538,0.0,0.3806997837027771,0.0,0.0,0.0393523768511472,0.0,0.7133574353300692,0.05,0.3142655174181899,0.0
9956119,0.3628614817226707,0.2857142857142857,0.6188729124084239,0.3771820864511904,0.0,0.0,0.0,0.6155728727612194,0.271233306871571,0.7428992326487566,0.3540466284989779,0.7244225193427931,0.0769230769230769,0.0,0.4261955423903295,0.0,0.2500233432861791,0.291984536774101,0.0,0.7690007608748318,0.025,0.2772873761922848,0.0
10033008,0.3866849492461489,0.7142857142857142,0.7835105462531465,0.4304406873792569,0.0,0.0,0.5,0.0,0.3072129967733092,0.8175430934952025,0.1295126200214219,0.682016939027862,0.1538461538461538,0.0,0.4307372760029785,0.0,0.0,0.0,0.0,0.6813021001066899,0.7000000000000001,0.4916192250562658,0.0
10077147,0.5563016345242342,0.3571428571428571,0.6394253122991609,0.2936623357271988,0.0,0.0,0.0,0.3844271272387805,0.2646754970476017,0.6097424788488243,0.2010857773385676,0.7605792847801773,0.3846153846153846,0.7496584790851314,0.6541931858806284,0.0,0.1351210967661009,0.3284715363724869,1.0,0.6561257792746524,0.1,0.149388567476954,0.0
10113978,0.2512914383512399,0.2857142857142857,0.6401052609566696,0.4187390078944367,0.0,0.0,0.0,0.8470499210621734,0.9083343217533816,0.8116149646498741,0.4562352349394547,0.5754024746432617,0.2307692307692307,0.7925230584431031,0.747341843999683,0.3333333333333333,0.2692559081543463,0.2254317259320093,0.0,0.7188793046678951,0.025,0.5471417805444208,0.0
10127622,0.7367393522333815,0.0,0.7039630297424517,0.4736838659702262,0.125,0.5,0.125,0.4801456827399283,0.2372119254368228,0.4193955896441995,0.409727270329917,0.6465914250565374,0.3846153846153846,0.0,0.1506412071893567,0.0833333333333333,0.0,0.0137805543936183,1.0,0.5540451426051801,0.025,0.2115203409013319,0.0
10184653,0.5938854618739834,0.1428571428571428,0.6019005748833813,0.4329153452442825,0.0,0.0,0.0,0.4449438593362681,0.3583023500860305,0.652256904150082,0.5352056527981923,0.638564211530716,0.3846153846153846,0.799932363123269,0.2165943620145312,0.3333333333333333,0.0,0.1232520907590117,1.0,0.6327351654166826,0.075,0.4590881673263471,1.0
10200390,0.4707088272292996,0.2857142857142857,0.5709958520893765,0.365348590316973,0.0,0.0,0.0,0.461679654570915,0.3976377138382713,0.6665327029819051,0.52051247735862,0.5898042980992705,0.1538461538461538,0.0,0.3176424621923903,0.25,0.0,0.2398844792475472,1.0,0.7333191397431968,0.1,0.4525335779965891,0.0
10341154,0.3556878064601146,0.2142857142857142,0.7736327056129852,0.2241299521322477,0.0,0.0,0.0,0.961701177191726,0.1597576161816564,0.6740593341414282,0.6493351276768153,0.7621421289626727,0.0769230769230769,0.1710902369917994,0.419132111903738,0.0,0.0,0.2048104895138727,1.0,0.6357871117944581,0.125,0.2792854043260325,0.0
10384072,0.4489594912537096,0.4285714285714285,0.9136783536553428,0.2845528042955681,0.0,0.0,0.125,0.0,0.190067307300953,0.5120934293235498,0.4881716722379838,0.6906095983657989,0.6153846153846154,0.0,0.47022082298202,0.0833333333333333,0.0,0.2218691238544397,0.0,0.7022809412270403,0.175,0.1106404922244936,0.0
10459196,0.4852810494129279,0.2142857142857142,0.7734962201704456,0.6745399728266518,0.125,0.0,0.5,0.0,0.24646726717593,0.8527065592815645,0.3035913135030864,0.6841068636123625,0.1538461538461538,0.0,0.3462197222279242,0.0,0.0,0.1630337161902842,0.0,0.6482047772956246,0.125,0.4838465503898508,0.0
11085337,0.6060056329562502,0.0714285714285714,0.8943405163984285,0.0,0.125,0.0,0.125,0.0,0.4296659108518172,0.0107123327969803,0.71694681022858,0.4856308938698416,0.1538461538461538,0.0,0.2790020593820364,0.0,0.0,0.2595164074601818,0.0,0.8400151014746212,0.125,0.5220141699675394,0.0
11152667,0.5192653119056145,0.2142857142857142,0.8279954186094156,0.2665369337608884,0.0,0.0,0.0,0.3676913320041336,0.3394019455262385,0.5102943494033715,0.6260387303215506,0.7783872730947796,0.3076923076923077,0.0,0.5076295541816765,0.0,0.0,0.5451556274991585,0.0,0.6779562529057204,0.05,0.283883942368442,0.0
11327430,0.5448931469051439,0.0,0.730747163224513,0.0,0.0,0.0,0.0,0.0,0.5096711127736296,0.7039587634413381,0.4583917926203574,0.6747609509955557,0.0,0.8551668118497913,0.2415714459626857,0.0,0.0,0.1012084210232822,0.0,0.6957447586112099,0.275,0.2761249038050746,0.0
11368318,0.416649211476399,0.0,0.7672347390140603,0.0,0.0,0.0,0.0,0.0,0.409289834879742,0.897441545002298,0.7134065629463504,0.8586899702610318,0.0,0.0,0.3944973835030803,0.0,0.0,1.0,0.0,0.0246340324559516,0.0,0.5851938816413444,0.0
11422035,0.5002967323817991,0.3571428571428571,0.7027579833285799,0.2845528042955681,0.0,0.0,0.0,0.3077864363806097,0.4295738832352112,0.609002826450454,0.6443716177848968,0.6416854634476962,0.2307692307692307,0.0,0.502494343624047,0.0,0.2500233432861791,0.3872365099531939,0.0,0.6891731271876702,0.1,0.2600916634936986,0.0
11433190,0.4121079161756409,0.0,0.6046685274929913,0.3435064131153675,0.0,0.0,0.0,0.2305339090484761,0.3527400908979012,0.8060506823655224,0.4131214143678759,0.6518676544390732,0.0,0.6357407515410772,0.3906994027542336,0.0833333333333333,0.0,0.0588652207240077,1.0,0.6951722215656561,0.45,0.4015710166457621,0.0
11455910,0.8098434197015209,0.4285714285714285,0.8747987182649932,0.4482989070452933,0.0,0.0,0.375,0.4062703402975132,0.6574376251309355,0.2469719500156086,0.1514536470021607,0.5983463385854398,0.6153846153846154,0.0,0.5401205179130162,0.0,0.0,0.0211335634112451,0.0,0.6330639924366873,0.375,0.4188347934298448,0.0
11609586,0.4160043960993794,0.1428571428571428,0.7645248299046372,0.1794595748119014,0.0,0.0,0.0,0.0,0.4030020528011055,0.8325253362999524,0.5322930713647817,0.6481999760345926,0.6153846153846154,0.0,0.2049816163786288,0.0,0.0,0.0790099487751558,0.0,0.5841529539431027,0.1,0.3159493362757851,0.0
11624601,0.2651676588388528,0.1428571428571428,0.6649437608195106,0.3061173763019474,0.0,0.0,0.0,0.0,0.34902686272611,0.9515970817666703,0.8289488391696279,0.7071426055216196,0.0769230769230769,0.0,0.2902039874324617,0.0833333333333333,0.3851444400522792,0.6134280795470767,1.0,0.5663753196879788,0.05,0.5378508216888671,0.0
11640390,0.4232067197275071,0.0714285714285714,0.7551964449555859,0.395636890605247,0.125,0.0,0.125,0.461679654570915,0.4037060049150242,0.999999014287444,0.4354922894559153,0.6718342891203098,0.0769230769230769,0.0,0.4731213049317082,0.0,0.0,0.5701158922114222,1.0,0.5960127083830487,0.3,0.3066341775572597,0.0
11667893,0.53902538641679,0.2857142857142857,0.7058052896787855,0.3956368906052475,0.0,0.0,0.0,0.1538932181903053,0.3971744954828149,0.514683725642498,0.674621769094896,0.5215344425530809,0.6153846153846154,0.0,0.4433382353560691,0.0,0.0,0.6255742698863896,0.0,0.6631344686903747,0.125,0.3913574578255218,0.0
11713159,0.3475663911819123,0.2142857142857142,0.6120589676721548,0.462623776535263,0.0,0.0,0.0,0.7140567766781238,0.718755875455275,0.4959881438026173,0.4273332417939373,0.6330601991477042,0.3846153846153846,0.3854685426074546,0.8449540705996952,0.0,0.4964013722190971,0.565612390279094,1.0,0.5585489851303154,0.05,0.5718296724318506,0.0
11960529,0.572589506195903,0.2142857142857142,0.7870847730391469,0.2848743178421782,0.0,0.0,0.0,0.1538932181903053,0.3293546692237623,0.5453380681881973,0.7756197322961416,0.829664382690551,0.3846153846153846,0.0,0.5596547316311196,0.0833333333333333,0.0,0.4082615260216535,0.0,0.6799772528742365,0.05,0.3869952620542301,0.0
11977753,0.6527158363837859,0.0,0.6482191094778201,0.0,0.0,0.0,0.0,0.2305339090484761,0.4740493429061686,0.4281747932606453,0.2776311093461138,0.6592361211212698,0.0,0.6663237024878614,0.6178614804835125,0.0,0.2500233432861791,0.1212262382954792,0.0,0.6219076277014279,0.4,0.3429050244544092,0.0
15985330,0.6744483922819154,0.2142857142857142,0.7674024590689258,0.376578780902578,0.25,0.0,0.25,0.8177426091644884,0.2865672802499569,0.4338442018878305,0.3832618275851288,0.5716780235699236,0.5384615384615385,0.0,0.3162654380502793,0.0,0.0,0.1020114387877702,1.0,0.6772814629420824,0.05,0.2140135051409035,0.0
16681698,0.294562309127202,0.1428571428571428,0.7137971514460841,0.2261048959106984,0.125,0.0,0.125,0.1538932181903053,0.919758355568026,0.8093814792203592,0.6309105545332148,0.5643803487786182,0.1538461538461538,0.0,0.6858708383634825,0.0,0.3567128857923595,0.0832754156882514,0.0,0.7034895187353215,0.1,0.551100840954805,0.0
17755052,0.3928256189843383,0.0714285714285714,0.5647181445965623,0.3391573438660477,0.0,0.0,0.0,0.7140567766781238,0.8576994171366248,0.744480402616645,0.3612952068061019,0.7340414159574011,0.1538461538461538,0.6378411944018338,0.3395497277791864,0.0833333333333333,0.1463590060820978,0.0384061334820072,0.0,0.66367912779612,0.05,0.5196862339031021,0.0
17756401,0.8372956746467889,0.3571428571428571,0.973199804553088,0.3383922194622668,0.125,0.5,0.125,0.1326886992823538,0.2422846227608434,0.1995710882949536,0.2931368313841268,0.6247743474743211,0.3846153846153846,0.0,0.3631261140048401,0.0,0.0,0.261471330189308,1.0,0.6668102894039069,0.275,0.2124756220161525,0.0
17756403,0.838710549924061,0.1428571428571428,0.954534953141881,0.3435064131153675,0.125,0.5,0.125,0.1326886992823538,0.2809227158727578,0.3230610622593443,0.3341374063334397,0.6365376271183244,0.1538461538461538,0.0,0.3366173638428327,0.0,0.0,0.261471330189308,1.0,0.6876588052612815,0.275,0.2468317142488215,0.0
23725625,0.5997216858536522,0.2142857142857142,0.7392768763376464,0.2848743178421782,0.0,0.0,0.0,0.3011604146037199,0.4271210804778537,0.4683922578059051,0.8302985761628505,0.6602282895739623,0.2307692307692307,0.6579259168316904,0.4122402747952033,0.0833333333333333,0.1341348113882462,0.0013305449621561,1.0,0.592445352829435,0.175,0.4165639011773616,0.0
24180719,0.4448417718434537,0.1428571428571428,0.7268184321357574,0.2665369337608884,0.0,0.0,0.0,0.8344784043991345,0.6117400393150787,0.6177336107242092,0.6398322615286458,0.663118213942474,0.3076923076923077,0.0,0.450585402203434,0.0,0.0,0.0360626894236278,0.0,0.644634566171876,0.075,0.4624664617856559,0.0
24748573,0.4541766456167269,0.3571428571428571,0.7754197762799099,0.2311626737912114,0.0,0.0,0.125,0.3844271272387805,0.2344960483954968,0.435234607162197,0.534892221416958,0.6378901146420185,0.3846153846153846,0.0,0.5207782062563499,0.1666666666666666,0.0,0.2314763829201331,1.0,0.6482620086038378,0.25,0.1915303068449742,0.0
24756910,0.7451761982552109,0.3571428571428571,0.7339375262158733,0.6360383035403783,0.125,0.5,0.125,0.4404751356629635,0.3681395361290464,0.4641810287568469,0.2149015290775556,0.6735450046340169,0.3846153846153846,0.0,0.299685119137527,0.0,0.0,0.1604809323135715,1.0,0.6176322847234006,0.2,0.4519089392350399,1.0
24776445,0.279380765569561,0.2142857142857142,0.7598323663620737,0.1691961097311334,0.0,0.0,0.0,0.4062703402975132,0.5193366872223184,0.7983266186262595,0.6875681756610865,0.7300969447163469,0.2307692307692307,0.0,0.4859151526451951,0.25,0.0,0.0798018169389737,0.0,0.5173746792283721,0.225,0.358884361989714,0.0
24785538,0.6426098926461792,0.2142857142857142,0.6741027395204149,0.5500667416959537,0.0,0.0,0.0,0.1645646457290489,0.462949868815237,0.4785233037542274,0.3694115111101334,0.6788425849863157,0.4615384615384615,0.7879858693887327,0.5627634252313406,0.0833333333333333,0.3896826666386787,0.2662848860879278,0.0,0.6556940369754393,0.2,0.4443535522466035,0.0
24826799,0.5899491452622339,0.2142857142857142,0.6750280670143858,0.2072220676526139,0.0,0.0,0.0,0.1645646457290489,0.4170854989377348,0.1905570450397129,0.4024602577688515,0.760141772836384,0.3076923076923077,0.8264467191635144,0.7428704334115102,0.0,0.4954150868412423,0.2716800312511699,1.0,0.5756621808634451,0.325,0.4396880955736023,0.0
24964624,0.6845160552153613,0.2857142857142857,0.865875072544866,0.3383922194622668,0.0,0.0,0.0,0.5484301188868429,0.4250738147768355,0.3992845198198325,0.6915096484111712,0.6279095989574273,0.3076923076923077,0.6180584266747183,0.7031190085163412,0.0,0.1341348113882462,0.3535701076671048,0.0,0.6441342226338157,0.35,0.2726551385523516,0.0
24978538,0.8980168992416401,0.2142857142857142,0.702590625675881,0.4774403634494146,0.0,0.0,0.0,0.5566747611921453,0.7366108856734973,0.1372506981602864,0.1135339909762634,0.6373715003378421,0.5384615384615385,0.8839192640095863,0.6958345573166899,0.0833333333333333,0.7179931612453556,0.07263330489802,1.0,0.6077793298923315,0.425,0.5010908706416393,0.0
25022668,0.7007365473765916,0.4285714285714285,0.8359322765784911,0.1717874319790822,0.0,0.0,0.125,0.3844271272387805,0.3712889586774036,0.0863623402387419,0.4904123322082105,0.6494162586682176,0.3076923076923077,0.0,0.6117447365841047,0.0,0.0,0.1313978612809313,1.0,0.6451726808149856,0.375,0.2908298479367335,0.0
25023738,0.8173711052766397,0.0,0.5731472553594594,0.3790082236972821,0.0,0.0,0.125,0.4282080641016211,0.3538974206349649,0.3282614343166227,0.8166538766603593,0.7395626367190739,0.1538461538461538,0.6192705104872779,0.4244752456102083,0.25,0.1351210967661009,0.241478806451285,0.0,0.5770180895273243,0.0,0.5660012743938125,0.0
25123829,0.6672060330973972,0.2857142857142857,0.6355646578904548,0.6006464004187986,0.0,0.0,0.0,0.7359945004822309,0.4629022233362286,0.4360508810912287,0.1611520254947563,0.6106198994644928,0.4615384615384615,1.0,0.3437164655747698,0.0833333333333333,0.0,0.0581348373831054,1.0,0.6018563013174024,0.35,0.4431228335434901,0.0
25222038,0.4311639246622021,0.1428571428571428,0.5391312618889035,0.3956368906052475,0.0,0.0,0.0,0.4612318276848767,0.5298609002387785,0.6936445549868272,0.447554756977839,0.6616384820440763,0.1538461538461538,0.867221631612457,0.2077957346786067,0.0,0.1351210967661009,0.0442953568287167,1.0,0.714518917857581,0.2,0.5366500419755209,0.0
25262965,0.5383379851573203,0.1428571428571428,0.4937570170120734,0.2665369337608884,0.125,0.0,0.125,0.1538932181903053,0.5219783537916437,0.5752140077886373,0.6352331033677558,0.6560078898011167,0.0769230769230769,0.90156971483212,0.174876279543267,0.4166666666666666,0.2702421935322011,0.2074064372023494,1.0,0.7910636892207088,0.025,0.6028466314064662,0.0
38335241,0.5769441357317753,0.0714285714285714,0.7576054364001532,0.26938079344531,0.0,0.0,0.0,0.0162879683486089,0.423765303850202,0.765970465700066,0.4989796304435401,0.6943852233335878,0.3846153846153846,0.0,0.5638797524364846,0.0,0.1341348113882462,0.1058292448554218,1.0,0.5924528462237024,0.025,0.4186083575270025,0.0
42596953,0.6500777442588426,0.3571428571428571,0.8154192883377775,0.4736838659702269,0.125,0.5,0.125,0.5776325586186218,0.2859781047205852,0.4396327471131367,0.1020748972593761,0.645035237370495,0.3076923076923077,0.0,0.3130680773829787,0.0833333333333333,0.0,0.1713149528004428,0.0,0.6431379987224427,0.325,0.2482551803020169,1.0
42623900,0.8012067073030941,0.2142857142857142,0.7026581201694914,0.3186085171232201,0.125,0.0,0.125,0.1538932181903053,0.453822611835268,0.4049835076925634,0.2234685851271902,0.5926777759563032,0.1538461538461538,0.0,0.5926240186345828,0.1666666666666666,0.2702421935322011,0.1845032159241993,0.0,0.5707206986299826,0.025,0.3654949555757182,0.0
42625508,0.6698600183789711,0.5714285714285714,0.7705042686654884,0.645456541922304,0.125,0.5,0.125,0.4404751356629635,0.3312213137431541,0.3540767358776201,0.1709918261430937,0.6431342649680726,0.5384615384615385,0.0,0.4450397796133358,0.0,0.0,0.1729099591240891,0.0,0.6159292997289215,0.325,0.3260613177678248,0.0
42625582,0.5597475303941746,0.7142857142857142,0.7642633086925399,0.5330738675217768,0.0,0.0,0.0,0.3077864363806097,0.3456995961329979,0.6032798414874544,0.1888529683336334,0.6331777682629788,0.8461538461538463,0.0,0.5513151273094259,0.0833333333333333,0.0,0.1248835667511898,0.0,0.6312269144432971,0.5,0.3154837178595985,0.0
44137675,0.4983748940442072,0.2857142857142857,0.5769925366925222,0.3686401064927366,0.0,0.0,0.125,0.3844271272387805,0.4083132336148748,0.4996918053821707,0.8082587508387654,0.7578887604850911,0.3076923076923077,0.6365062543914429,0.4342467751364239,0.0833333333333333,0.0,0.1330757734726728,1.0,0.6617782558288462,0.125,0.4976721313953164,0.0
44229839,0.6719448803497636,0.1428571428571428,0.6495621216078485,0.5755850168023247,0.0,0.0,0.0,0.3077864363806097,0.4005478335229764,0.6937750439746281,0.2333672046384813,0.5859236175627981,0.2307692307692307,0.0,0.3692997794856563,0.0833333333333333,0.1205548203234308,0.178434540548264,1.0,0.6901837889941518,0.1,0.3296802243639729,1.0
46175149,0.492911633066167,0.1428571428571428,0.9139745246904424,0.2990992913531691,0.125,0.5,0.125,0.0,0.4405090277896032,0.7566652850275727,0.4263538922620459,0.672716377348607,0.0,0.8312200894453172,0.2964606945668732,0.0833333333333333,0.0461952764928578,0.3875639324839817,1.0,0.5388798109582914,0.25,0.4883600081202143,0.0
46883536,0.4164935322444481,0.0714285714285714,0.7298256018594914,0.2817904556939022,0.0,0.0,0.0,0.5434277632531717,0.5714935725170913,0.4847592513114013,0.4616246272660135,0.6882678002755518,0.0769230769230769,0.1867111293517858,0.7190012061748473,0.0,0.5086255669129487,0.1331025081045992,1.0,0.6950393903782336,0.275,0.4955309032397737,0.0
49850262,0.7762213421933508,0.2857142857142857,0.7445988862071563,0.4187390078944367,0.125,0.5,0.125,0.1326886992823538,0.4269004185820253,0.1634962694991187,0.6028908959669554,0.7273244066009075,0.2307692307692307,0.9692359964008224,0.2660326985436287,0.0833333333333333,0.0,0.2591764214543855,1.0,0.5374716161876738,0.25,0.3732665405811495,0.0
49855568,0.5458541643935044,0.2857142857142857,0.79044907007886,0.5403220404317712,0.125,0.5,0.125,0.5776325586186218,0.2854674250076519,0.594081235054296,0.106106753819834,0.6164532059276503,0.3076923076923077,0.0,0.2756904118300677,0.0833333333333333,0.0,0.1658468533685267,0.0,0.6594704560168969,0.275,0.2710207419235226,1.0
49855569,0.6124722172404287,0.2857142857142857,0.8265615241778467,0.4736838659702269,0.125,0.5,0.125,0.5776325586186218,0.3101529548315986,0.4930549602755575,0.0887684334374092,0.6298711132283318,0.3076923076923077,0.0,0.2970540675674813,0.0833333333333333,0.0,0.1658468533685267,0.0,0.6499457541591918,0.275,0.2041595071082583,1.0
49855758,0.6500777442588426,0.3571428571428571,0.8154192883377775,0.4736838659702269,0.125,0.5,0.125,0.5776325586186218,0.2859781047205851,0.4396327471131367,0.1020748972593761,0.6170610899887324,0.3076923076923077,0.0,0.3130680773829787,0.0833333333333333,0.0,0.1241023039401984,0.0,0.6415480804133786,0.375,0.2482551803020169,1.0
49855759,0.6580565652179515,0.4285714285714285,0.7815085984632456,0.4976947468741711,0.0,0.0,0.0,0.4449438593362681,0.2969372110916534,0.5782738611767978,0.1496320872000237,0.5919607343445226,0.5384615384615385,0.0,0.3315255982118148,0.0833333333333333,0.0,0.1346686766954717,0.0,0.6495477338059578,0.325,0.2692735733961686,1.0
49855760,0.5979469359549884,0.4285714285714285,0.8137002484869583,0.3856837261414134,0.0,0.0,0.0,0.4449438593362681,0.3214195339640716,0.578611726236815,0.1339704902161352,0.601151120942271,0.6153846153846154,0.0,0.3542181205707579,0.0833333333333333,0.0,0.1346686766954717,0.0,0.653742739452311,0.35,0.209324247258879,1.0
49855761,0.4933625561478084,0.3571428571428571,0.7827442100055169,0.4806328732599152,0.0,0.0,0.0,0.4449438593362681,0.303328679137146,0.7051180098056943,0.1028933654157325,0.6185353401526819,0.5384615384615385,0.0,0.3403515839059773,0.0833333333333333,0.0,0.1410366518998934,1.0,0.618504889665475,0.325,0.2752597417392479,1.0
49855949,0.5777030801811557,0.4285714285714285,0.8038587981543405,0.3856837261414134,0.0,0.0,0.0,0.4449438593362681,0.3014707010189777,0.5790895445634189,0.1058717580349959,0.6382703721812382,0.5384615384615385,0.0,0.3724376117948784,0.0833333333333333,0.0,0.1447819394535986,0.0,0.625943584762495,0.45,0.2558141795826481,1.0
49855950,0.5777030801811557,0.4285714285714285,0.8038587981543405,0.3856837261414134,0.0,0.0,0.0,0.4449438593362681,0.3014707010189777,0.5790895445634189,0.1058717580349959,0.6154812889290642,0.5384615384615385,0.0,0.3724376117948784,0.0833333333333333,0.0,0.1088500004693884,0.0,0.6319751040405117,0.5,0.2558141795826481,1.0
49855951,0.5682338253006674,0.4285714285714285,0.8009617431823874,0.3856837261414134,0.0,0.0,0.0,0.4449438593362681,0.3110862793620086,0.6062796214330693,0.1423901350395314,0.6286653579714726,0.5384615384615385,0.0,0.385236482295678,0.0833333333333333,0.0,0.1088500004693884,0.0,0.619642976930739,0.5,0.2754484865633543,1.0
49855952,0.7010903081302811,0.3571428571428571,0.7889990667313923,0.5403220404317712,0.125,0.5,0.125,0.5776325586186218,0.2757317057965885,0.4755717112786487,0.1706445706953188,0.6227834200509315,0.2307692307692307,0.0,0.2620360995980833,0.0833333333333333,0.0,0.1650649310588089,0.0,0.6625621330388572,0.225,0.2634170382858284,1.0
49855953,0.6604491833304276,0.4285714285714285,0.8274343428310806,0.4736838659702269,0.125,0.5,0.125,0.5776325586186218,0.2991285325376904,0.4516068091084348,0.1430846040601973,0.6147975227586296,0.3076923076923077,0.0,0.2855653392878223,0.0833333333333333,0.0,0.1650649310588089,0.0,0.6527565124387421,0.225,0.1935382035128404,1.0
51371303,0.6280024713582399,0.0714285714285714,0.5757107892405733,0.2990992913531691,0.0,0.0,0.0,0.461679654570915,0.4219127262484191,0.1282915035086886,0.7966391217566766,0.7593987725929825,0.1538461538461538,0.9196969233906204,0.7866269104371721,0.0,0.3612802754529961,0.4042208930916571,0.0,0.6382944170457188,0.0,0.5485498044415043,1.0
53483940,0.9883256326093478,0.1428571428571428,0.7119534654878324,0.1691961097311334,0.0,0.0,0.0,0.0275210499683392,0.2825846151514935,0.1830576213886611,0.3273019813005796,0.6561574245103372,0.1538461538461538,0.5562638090793212,0.4368020640628042,0.0,0.0,0.1278277893041118,0.0,0.6304762005248012,0.3,0.7849772424523389,0.0
53483941,0.9897352026809656,0.1428571428571428,0.7193727743626037,0.1691961097311334,0.0,0.0,0.0,0.0275210499683392,0.2816633172475441,0.194564198496554,0.2209874204503359,0.6594257341335948,0.1538461538461538,0.5533930388001651,0.4351759318065685,0.0,0.0,0.1202233163339139,0.0,0.6298081468239978,0.35,0.7576653640899498,0.0
54676905,0.2089310733369051,0.2142857142857142,0.8384924084927193,0.0986659702617684,0.0,0.0,0.125,0.0,0.2331557844220571,0.90818814865246,0.5080399826326883,0.4634342999666725,0.1538461538461538,0.0,0.4650952616775854,0.0,0.2500233432861791,0.6944706712206898,0.0,1.0,0.05,0.0525692418373688,0.0
54708532,0.5652431880849416,0.4285714285714285,0.938935066591652,0.2136557383816337,0.0,0.0,0.25,0.0,0.2430750850921035,0.4498713933968638,0.5878578814986881,0.7181227045715332,0.3846153846153846,0.0,0.4305122867070905,0.0,0.2500233432861791,0.3171131696705636,0.0,0.5340718429193226,0.15,0.1203965364272362,0.0
56839586,0.6175639533819534,0.4285714285714285,0.7802033242762522,0.2848743178421782,0.0,0.0,0.0,0.3077864363806097,0.3145090047507831,0.5331097069194853,0.3862052230590471,0.5766978253836039,0.3076923076923077,0.0,0.3907848480175677,0.0,0.0,0.3010691151609025,0.0,0.7147768382474664,0.225,0.1591156953583104,1.0
56839587,0.7092015609682236,0.3571428571428571,0.7751599127648616,0.2848743178421782,0.0,0.0,0.0,0.4449438593362681,0.2883582641791584,0.4382607945213649,0.3646262440021514,0.5943442580902389,0.3076923076923077,0.0,0.3350650519106304,0.0,0.0,0.2294776378605308,0.0,0.6961673405273978,0.2,0.1589748107629625,1.0
56839588,0.5945490626258497,0.3571428571428571,0.7950630459022959,0.4508581092783971,0.0,0.0,0.125,0.4449438593362681,0.2334560619629451,0.50867343954437,0.302703864210038,0.6062859312194819,0.4615384615384615,0.0,0.3117188443859574,0.0,0.0,0.2188559614380107,0.0,0.6768532570900389,0.15,0.1427486556964385,1.0
56839589,0.6042498680483772,0.2857142857142857,0.7475719884419852,0.4024184350460901,0.0,0.0,0.0,0.4449438593362681,0.3090442647020663,0.5211217413468187,0.3304397416239202,0.6272802712222911,0.3076923076923077,0.0,0.2390291174389343,0.0,0.0,0.2125613900229196,0.0,0.6323729331739077,0.15,0.2105971075303526,1.0
58191950,0.500501260857595,0.4285714285714285,0.7243244477823975,0.4841896004890456,0.0,0.0,0.0,0.310475833975788,0.7719932148867629,0.5889384712512672,0.1264478050023388,0.644103276675849,0.6153846153846154,0.0,0.6930108976378608,0.0,0.3567128857923595,0.2338137226608341,1.0,0.6218899594609804,0.375,0.4092524862511495,1.0
58191961,0.5914770804986051,0.3571428571428571,0.7211596754503673,0.5296853995219355,0.125,0.5,0.125,0.4431645332581418,0.7941366976167623,0.4225750625047459,0.1404586416493647,0.6545834816986533,0.3846153846153846,0.0,0.5727129376605226,0.0833333333333333,0.3567128857923595,0.2762410999055113,1.0,0.631655950181147,0.275,0.4315089658319851,1.0
58191965,0.5369445811871094,0.5,0.8003661523054609,0.3856837261414134,0.0,0.0,0.0,0.3077864363806097,0.3437067659277141,0.7068584964474042,0.1969787942292435,0.685125390630348,0.6923076923076923,0.0,0.4288399081336496,0.0833333333333333,0.0,0.1339374916326908,0.0,0.6463516127282832,0.5,0.2812560576456165,1.0
58191982,0.6117502698010268,0.5,0.7750990287715367,0.5387615868906207,0.0,0.0,0.0,0.461679654570915,0.2907143115553223,0.5579665738321838,0.1617047687133675,0.6500845622136507,0.8461538461538463,0.0,0.5322634513453439,0.4166666666666666,0.0,0.058177107805603,0.0,0.6586215110417422,0.325,0.2605024232967698,1.0
58191988,0.6065177365002922,0.5,0.8327291034102433,0.4338375688222367,0.0,0.0,0.0,0.3077864363806097,0.3354775486641166,0.5743505681398188,0.1335656188749344,0.6402307870516691,1.0,0.0,0.5629582021465238,0.25,0.0,0.0609258226355209,0.0,0.6631342317395836,0.325,0.1980816044086801,1.0
58191997,0.4963131864020536,0.5,0.7987509985896328,0.3856837261414134,0.0,0.0,0.0,0.3077864363806097,0.2584654119041714,0.7110647653257541,0.2000721497641686,0.6614292540967159,0.6153846153846154,0.0,0.4062095660516316,0.0833333333333333,0.0,0.1514579679876588,0.0,0.6649397795004734,0.45,0.2078273733945289,1.0
58191999,0.6065177365002922,0.6428571428571428,0.8327291034102433,0.5330738675217768,0.0,0.0,0.0,0.3077864363806097,0.3354775486641166,0.5743505681398188,0.1335656188749344,0.6677358507242852,0.9230769230769232,0.0,0.5629582021465238,0.0,0.0,0.3039264583927579,1.0,0.6402655798182428,0.35,0.1980816044086801,1.0
58192003,0.530757609751063,0.6428571428571428,0.8173173177450981,0.385030977505343,0.0,0.0,0.0,0.3077864363806097,0.2912047689726371,0.6007222292141757,0.1579284791609738,0.6549470324100144,1.0,0.0,0.57670478613045,0.4166666666666666,0.0,0.058177107805603,0.0,0.641569928244391,0.5,0.245804743403761,1.0
71520535,0.80114890660989,0.5714285714285714,0.9123518652232638,0.4537594931624711,0.125,1.0,0.125,0.5523176499247945,0.3006342525989542,0.3297574198117076,0.3763622545627563,0.5773300253750829,0.4615384615384615,0.0,0.4712492350747298,0.0833333333333333,0.0,0.3180573690543596,1.0,0.5995898896171064,0.05,0.4183780956411703,0.0
71520536,0.782732310100696,0.3571428571428571,0.8281427396599342,0.6000392214924384,0.125,1.0,0.125,0.5523176499247945,0.3077657194004489,0.3667055649401318,0.3600109686122361,0.5625838890936236,0.3076923076923077,0.0,0.4368936351155566,0.0833333333333333,0.0,0.3207682381331683,1.0,0.570952683330307,0.025,0.450310735820885,0.0
71520631,0.7981956573680927,0.3571428571428571,0.925165711729877,0.4508581092783971,0.125,1.0,0.125,0.3217837408763184,0.2783165739572051,0.3373783554111901,0.4420379482729367,0.6189297369951575,0.3846153846153846,0.0,0.3895452459711156,0.0833333333333333,0.0,0.2073221395116957,1.0,0.7146874404147673,0.125,0.5104891378669367,0.0
71520716,0.7934765738474492,0.3571428571428571,0.9168864203786236,0.4508581092783971,0.125,1.0,0.125,0.3217837408763184,0.2826251185506797,0.3355784936064702,0.4476702147483732,0.6427197393204316,0.3846153846153846,0.0,0.4088101058730496,0.0833333333333333,0.0,0.0211042910400123,1.0,0.6428250013673859,0.125,0.5269404295002207,0.0
71520717,0.7891911530076139,0.3571428571428571,0.9168864203786208,0.4508581092783971,0.125,1.0,0.125,0.3217837408763184,0.2826251185506797,0.33862730729287,0.4476702147483732,0.5428971852220019,0.3846153846153846,0.0,0.4088101058730496,0.0833333333333333,0.0,0.4934097190123701,1.0,0.7731663451065236,0.125,0.5269404295002207,0.0
73386882,0.6331375787303865,0.2142857142857142,0.610949734271245,0.3436051372269749,0.0,0.0,0.0,0.461679654570915,0.4895146023944082,0.5485549859682629,0.4705584678761383,0.7075486506437214,0.4615384615384615,0.0,0.416117355175173,0.0,0.1341348113882462,0.1494594174233698,1.0,0.6723047701387754,0.15,0.5229300966876589,0.0
76314832,0.6743643000864672,0.3571428571428571,0.7571811983302388,0.2261048959106984,0.0,0.0,0.0,0.0,0.3425833086219562,0.1243010296159455,0.714819347478482,0.6430377391255343,0.5384615384615385,0.6764939405004339,0.8042267923244724,0.0833333333333333,0.3612802754529961,0.2339220992873086,0.0,0.6496100535802856,0.2,0.3670774488622789,0.0
76332949,0.6743643000864672,0.3571428571428571,0.7571811983302388,0.2261048959106984,0.0,0.0,0.0,0.0,0.3425833086219562,0.1243010296159455,0.714819347478482,0.6430377391255343,0.5384615384615385,0.6764939405004339,0.8042267923244724,0.0833333333333333,0.3612802754529961,0.2339220992873086,0.0,0.6496100535802856,0.2,0.3670774488622789,0.0
86276214,0.9096869186304126,0.2142857142857142,0.8776685986396561,0.2136557383816337,0.0,0.0,0.375,0.2305339090484761,0.2313390681679544,0.1361382476405935,0.102668468464418,0.7110571101075192,0.3076923076923077,0.0,0.4486367245520824,0.0,0.0,0.0012685137043925,0.0,0.6114480681604195,0.775,0.3447189459454505,0.0
87618609,0.6117502698010268,0.6428571428571428,0.7750990287715367,0.6521192204518004,0.0,0.0,0.0,0.461679654570915,0.2907143115553223,0.5579665738321838,0.1617047687133675,0.6772401444564714,0.7692307692307693,0.0,0.5322634513453439,0.1666666666666666,0.0,0.2833822585023296,1.0,0.6331450628990004,0.325,0.2605024232967698,1.0
88005144,0.530757609751063,0.7857142857142857,0.8173173177450981,0.6006464004187986,0.0,0.0,0.0,0.3077864363806097,0.2912047689726371,0.6007222292141757,0.1579284791609738,0.680917282574862,0.9230769230769232,0.0,0.57670478613045,0.1666666666666666,0.0,0.2833822585023296,1.0,0.6210543851624704,0.5,0.245804743403761,1.0
117779877,0.7221819005343165,0.4285714285714285,0.7513205528076455,0.2845528042955681,0.125,0.0,0.125,0.3077864363806097,0.3423396556518224,0.3720085829337589,0.5593473711875565,0.6228094965483212,0.4615384615384615,0.0,0.3835156468969634,0.1666666666666666,0.0,0.1368769936390684,0.0,0.6394989133488413,0.1,0.3075637390984302,1.0
132515052,0.7626271590139497,0.3571428571428571,0.7010425081734618,0.6045542216166983,0.125,0.5,0.125,0.1326886992823538,0.3603346669496171,0.2698174034121283,0.4721561192350321,0.6100477757852392,0.3846153846153846,0.6226901530727649,0.4142179214087897,0.0833333333333333,0.0,0.2824113124557414,1.0,0.6058969084723752,0.325,0.5017988168253706,0.0
132585192,0.7275297834514219,0.2857142857142857,0.6705079538008697,0.6045542216166983,0.125,0.5,0.125,0.1326886992823538,0.330152487040133,0.3690870157911583,0.3565167123445368,0.6549837165546648,0.3076923076923077,0.6313023912314842,0.4057345293346651,0.0833333333333333,0.0,0.1719185282161147,1.0,0.5890719035872857,0.175,0.5356946764593944,0.0
135398501,0.5534048754299262,0.5,0.6528068816345017,0.639521220631735,0.0,0.0,0.0,0.6922135636193902,0.4901521817372763,0.589177548728896,0.2470565336737762,0.7439186242011757,0.4615384615384615,0.801493741869614,0.5182450300105045,0.0,0.0,0.0301550702576945,0.0,0.5849339912424226,0.4,0.3507333486102017,1.0
135400873,0.5695335419728675,0.0714285714285714,0.7754867928254784,0.1130524479553492,0.0,0.0,0.0,0.0,0.425011430802129,0.5650858323657458,0.6953553468750908,0.6455180831377841,0.0769230769230769,0.0,0.5515712059888,0.0,0.0,0.2112764432946767,1.0,0.6458023229036567,0.075,0.1829184181752275,0.0
135421197,0.7426091351613175,0.2142857142857142,0.7018147735931498,0.5383787244357043,0.0,0.0,0.125,0.1640029916480624,0.3958455950462276,0.4766917363454067,0.4872165131615181,0.6596587098614308,0.3076923076923077,0.875265501265729,0.259028142398793,0.0,0.1341348113882462,0.1601017381533332,1.0,0.5652663446261098,0.0,0.481244126802956,0.0
135421339,0.5774832523209125,0.5,0.7063282923796714,0.5114139990878563,0.0,0.0,0.125,0.1538932181903053,0.4509447725564017,0.5440996907402257,0.3446130448219455,0.6108137887205776,0.5384615384615385,0.8586724322443511,0.1995345935920335,0.0,0.0,0.0601891816912386,1.0,0.6920408802405312,0.475,0.3964879363547248,0.0
135539077,0.6495888358735223,0.4285714285714285,0.7474569042301571,0.5755850168023247,0.0,0.0,0.25,0.0,0.388605939515429,0.4343419911123715,0.5129373292823592,0.7099380497615182,0.3076923076923077,0.9594604402220652,0.2729780199760728,0.1666666666666666,0.0,0.1433414983154016,1.0,0.6807499644059888,0.3,0.4770464816416805,0.0
137631726,0.663717483406354,0.4285714285714285,0.7302489147894876,0.8390619998160398,0.125,1.0,0.125,0.7062108681150998,0.3623894764049934,0.4519425939953492,0.2947763778439186,0.7402195827055971,0.3076923076923077,0.0,0.3533680722881102,0.1666666666666666,0.0,0.0426982476174392,1.0,0.5385335297149132,0.025,0.5847096590182319,0.0
137632242,0.7577736450970514,0.2142857142857142,0.7549934502009696,0.4917227380855735,0.125,0.5,0.125,0.1326886992823538,0.3156556612396137,0.301232433076103,0.3988555358751908,0.6644011994124941,0.3076923076923077,0.6494138390235717,0.4782873942257214,0.0833333333333333,0.0,0.2899275108229083,1.0,0.6262067333805161,0.25,0.5615811890644968,0.0
137632943,0.6442042010063805,0.1428571428571428,0.7156782381793361,0.4917227380855735,0.125,0.5,0.125,0.1326886992823538,0.2714360478054203,0.4624311514307669,0.4140153823117373,0.5664434496370427,0.1538461538461538,0.6278076092734536,0.5149921206566246,0.0833333333333333,0.0,0.5505121859008859,1.0,0.6151460325297747,0.3,0.5979766119886132,0.0
137635492,0.653039815889077,0.1428571428571428,0.7228059065021258,0.4917227380855735,0.125,0.5,0.125,0.1326886992823538,0.275146995185868,0.4853500337914705,0.3974949508041173,0.8781079290535381,0.3076923076923077,0.653448672552479,0.554224723817718,0.0833333333333333,0.0,0.0417095581074298,1.0,0.6149932693478136,0.4,0.6126795112970045,0.0
137635601,0.7414155965103327,0.2142857142857142,0.6068698803341883,0.6045542216166983,0.125,0.5,0.125,0.1326886992823538,0.3061660491677485,0.3614619537782155,0.3733973191884483,0.6627078137557549,0.2307692307692307,0.6373880252977069,0.4269100612373797,0.0833333333333333,0.0,0.215672777030387,1.0,0.5963745235036557,0.175,0.6607502013359285,0.0
137637989,0.75477611216172,0.2142857142857142,0.7577494410688805,0.4917227380855735,0.125,0.5,0.125,0.1326886992823538,0.3181495128634306,0.3360701424892773,0.3763353130296523,0.7796379532968561,0.4615384615384615,0.6750549023025971,0.5162298845715216,0.0833333333333333,0.0,0.205782823335535,1.0,0.6009644839469956,0.4,0.5780612321586442,0.0
137638037,0.7974546900427598,0.4285714285714285,0.8281427396599341,0.6000392214924384,0.125,1.0,0.125,0.5523176499247945,0.3077657194004489,0.3562258281787966,0.3600109686122361,0.5851565940371144,0.3846153846153846,0.0,0.4368936351155566,0.0833333333333333,0.0,0.3180573690543596,1.0,0.5781099305994455,0.025,0.450310735820885,0.0
137639088,0.7085570769691245,0.4285714285714285,0.7743506624221471,0.764230198257855,0.125,1.0,0.125,0.5523176499247945,0.335126559158856,0.4338010744373832,0.3339529290140097,0.6410397863702058,0.3076923076923077,0.0,0.3402915002157498,0.0833333333333333,0.0,0.3817530908417381,1.0,0.600497694549029,0.025,0.5171117946626911,0.0
137640470,0.7424945713999453,0.5,0.8089737834635071,0.4033775474044794,0.125,1.0,0.125,0.4196289506424407,0.3478956858966864,0.4946179664701394,0.4437734054990578,0.5834121115829338,0.3846153846153846,0.243254770977362,0.4714228580805125,0.0833333333333333,0.0,0.3038802839804233,1.0,0.6150627034896999,0.05,0.478293630564291,0.0
137642860,0.7446530278097749,0.2857142857142857,0.7718366863610304,0.4917227380855735,0.125,0.5,0.125,0.1326886992823538,0.3033516013633414,0.3539716174566084,0.3753484799734137,0.5782484574574812,0.3076923076923077,0.638443902189195,0.4824588258095689,0.0833333333333333,0.0,0.4047160290428459,1.0,0.5762694607166146,0.25,0.4916677320334388,0.0
137643435,0.6223562629443005,0.1428571428571428,0.6068698803341883,0.6045542216166983,0.125,0.5,0.125,0.1326886992823538,0.3061660491677488,0.483243631946927,0.3777536287508701,0.5498775780099938,0.1538461538461538,0.631606285314791,0.4610696209259954,0.0833333333333333,0.0,0.4364818059376562,1.0,0.6040610842333077,0.275,0.6607502013359285,0.0
137643440,0.7099385797901381,0.4285714285714285,0.7756944653753693,0.764230198257855,0.125,1.0,0.125,0.5523176499247945,0.3411437556876075,0.4271488401043692,0.3275087643004685,0.6637189724713403,0.3076923076923077,0.0,0.3657283434043991,0.0833333333333333,0.0,0.1615488018235898,1.0,0.549534121270915,0.025,0.5300955567808778,0.0
137643714,0.7862865769949636,0.5,0.9123518652232638,0.4537594931624711,0.125,1.0,0.125,0.5523176499247945,0.3006342525989542,0.3403422434136274,0.3763622545627563,0.5567828960913395,0.3846153846153846,0.0,0.4712492350747298,0.0833333333333333,0.0,0.3207682381331683,1.0,0.591585636458724,0.05,0.4183780956411703,0.0
137644258,0.7963726882162794,0.3571428571428571,0.7854905747300164,0.4917227380855735,0.125,0.5,0.125,0.1326886992823538,0.3559081892800093,0.2607484147974949,0.3333599298762213,0.7461975928111576,0.4615384615384615,0.7544852183269554,0.5012516546938087,0.0833333333333333,0.0,0.0748213607773325,1.0,0.6565651543085732,0.775,0.5569180600766395,0.0
137646965,0.7305820449923212,0.2142857142857142,0.663678780464636,0.6045542216166983,0.125,0.5,0.125,0.1326886992823538,0.3451084262777533,0.3630321876315461,0.3353916228473893,0.7499978217452427,0.4615384615384615,0.6788535783439346,0.4690231451928806,0.0833333333333333,0.0,0.1805311646844479,1.0,0.5790781892065895,0.325,0.6323203661873473,0.0
137647213,0.7831114381923054,0.3571428571428571,0.7944782061939343,0.4917227380855735,0.125,0.5,0.125,0.1326886992823538,0.3410648742799898,0.3009941815376461,0.3116720417760423,0.6792794711022825,0.3846153846153846,0.685501261416273,0.4937153874322897,0.0833333333333333,0.0,0.1611453479371796,1.0,0.7022323089907044,0.875,0.4907577306821448,0.0
137647353,0.6939805221979433,0.2142857142857142,0.6705079538008697,0.6045542216166983,0.125,0.5,0.125,0.1326886992823538,0.3301524870401327,0.4160789975761251,0.3582044116661377,0.6202676479927051,0.3076923076923077,0.6269054237136336,0.43704300115715,0.0833333333333333,0.0,0.2190531452499875,1.0,0.6095900350380586,0.225,0.5356946764593944,0.0
137647505,0.7422584133527563,0.4285714285714285,0.8281427396599341,0.6167935704931833,0.125,1.0,0.125,0.5523176499247945,0.3077657194004489,0.3955158378235308,0.3600109686122361,0.560794019223893,0.3846153846153846,0.0,0.4368936351155566,0.1666666666666666,0.0,0.3207682381331683,1.0,0.5911900894581688,0.05,0.450310735820885,0.0
137650373,0.7295652674602219,0.2142857142857142,0.6531663642587253,0.6045542216166983,0.125,0.5,0.125,0.1326886992823538,0.3451331885072605,0.3306532953228309,0.3589802390528239,0.6367674762287115,0.3076923076923077,0.6532125150649092,0.4307220736141208,0.0833333333333333,0.0,0.2492421141318898,1.0,0.6138565457771308,0.225,0.6221596745806839,0.0
137652862,0.7568741277930562,0.2142857142857142,0.792779924168481,0.4917227380855735,0.125,0.5,0.125,0.1326886992823538,0.3431198756853079,0.2948523478850803,0.362128288401798,0.6513331410289012,0.3076923076923077,0.663430953616107,0.4763080228296639,0.0833333333333333,0.0,0.1336228956016028,1.0,0.6293373390749555,0.325,0.4893943766190164,0.0
137653431,0.7558436376027374,0.4285714285714285,0.826488435387394,0.6000392214924384,0.125,1.0,0.125,0.7062108681150998,0.3155906718946034,0.4078763979842168,0.3561858670359848,0.6672832201426733,0.3846153846153846,0.0,0.4717846405282901,0.0833333333333333,0.0,0.1164635375813283,1.0,0.5664983862464391,0.025,0.4682779923366622,0.0
137654094,0.742781019523169,0.2142857142857142,0.7577494410688806,0.4917227380855735,0.125,0.5,0.125,0.1326886992823538,0.3181495128634306,0.3183420638382386,0.3770637012417512,0.5640226162867306,0.3076923076923077,0.6603540260226239,0.4977990884249127,0.0833333333333333,0.0,0.4812181668940907,1.0,0.5993011016373551,0.3,0.5780612321586442,0.0
137659363,0.6019359193785099,0.3571428571428571,0.7460587435966969,0.8333246144663896,0.125,1.0,0.125,0.7062108681150998,0.3432124759388305,0.4428937424515101,0.1063951042257468,0.6973807327964939,0.3076923076923077,0.0,0.6344302360224177,0.25,0.3612802754529961,0.0919525557533902,1.0,0.5778030885018333,0.225,0.54879248334999,0.0
137660658,0.711152105400703,0.2142857142857142,0.7718366863610304,0.4917227380855735,0.125,0.5,0.125,0.1326886992823538,0.3033516013633416,0.4025722440094879,0.3737603448289013,0.5446772630251709,0.3076923076923077,0.6340469346713483,0.5146550985573684,0.0833333333333333,0.0,0.4430057395616679,1.0,0.5941224601390496,0.3,0.4916677320334388,0.0
137660749,0.7900294258688277,0.3571428571428571,0.7952017886603745,0.4917227380855735,0.125,0.5,0.125,0.1326886992823538,0.3398169350479133,0.2928971795672462,0.3301785367419778,0.6711002381853644,0.3846153846153846,0.6817025853749356,0.484270333048742,0.0833333333333333,0.0,0.2144544863785885,1.0,0.6922589955548492,0.875,0.4810634452122453,0.0
155510762,0.8264604434009427,0.4285714285714285,0.9670046191991368,0.4508581092783971,0.125,1.0,0.125,0.3217837408763184,0.298515496961694,0.2458016929602169,0.4552675057324622,0.5643898651708579,0.3846153846153846,0.0,0.3826545196568008,0.0,0.0,0.3600389139925903,0.0,0.7430436320444016,0.2,0.3534241747588156,0.0
155512623,0.9171188626550462,0.3571428571428571,0.9471298621232938,0.5104485681713542,0.125,1.0,0.125,0.4756769590666237,0.3690791997276616,0.2305251680354236,0.3081272782038559,0.695997833507166,0.2307692307692307,0.0,0.319376162203698,0.0,0.0,0.0865419784131417,0.0,0.5433155449617354,0.025,0.224044201133252,0.0
155513254,0.8434576135762619,0.4285714285714285,1.0,0.4508581092783971,0.125,1.0,0.125,0.3217837408763184,0.3066615081366458,0.211380537528979,0.3732175690261067,0.6696100710697431,0.3846153846153846,0.0,0.3398195760677903,0.0,0.0,0.0230511237940764,0.0,0.6111427807738168,0.2,0.2643583735493703,0.0
155514532,0.636754451288984,0.3571428571428571,0.6883513303966665,0.4976947468741711,0.0,0.0,0.0,0.0,0.3445210469428839,0.5675092376281877,0.3199755239104487,0.6736798966586992,0.5384615384615385,0.6478367129789402,0.4690501094521598,0.0833333333333333,0.0,0.147216144327207,0.0,0.6019755912238065,0.275,0.4852641074273958,0.0
155515909,0.8158507921474031,0.5,0.9415883002178832,0.4537594931624711,0.125,1.0,0.125,0.5523176499247945,0.2666589278882534,0.302190776032026,0.3804276098368291,0.6327907161326499,0.3846153846153846,0.0,0.4337297156868993,0.0,0.0,0.3364446492099903,0.0,0.5701640452366591,0.05,0.3237863391578903,0.0
155517042,0.8288032553774565,0.5,0.9138749552615656,0.4537594931624711,0.125,1.0,0.125,0.5523176499247945,0.2961893665591981,0.2655282712003423,0.3628943442854981,0.4562700492503431,0.5384615384615385,0.0,0.5043779188768248,0.0,0.0,0.3144730747163051,0.0,0.684968032254005,0.05,0.3911084297888833,0.0
155517418,0.6409615955153224,0.3571428571428571,0.767728856763781,0.4329153452442825,0.0,0.0,0.0,0.0,0.3249291250449114,0.5744961411614785,0.278117915886535,0.5336678057008589,0.5384615384615385,0.6592517344831565,0.5683360158516844,0.0833333333333333,0.0,0.2768853631630662,0.0,0.6267816377633992,0.35,0.468308401761795,0.0
155518725,0.8262108411436583,0.3571428571428571,0.8744199285547491,0.4537594931624711,0.125,1.0,0.125,0.5523176499247945,0.2494899895982419,0.3075674888621856,0.360195754275344,0.6688403180729308,0.2307692307692307,0.0,0.4239322886872306,0.0,0.0,0.2325537153779685,0.0,0.6096986687013755,0.025,0.4564970250187684,0.0
155521822,0.5810297321197821,0.2857142857142857,0.6956235236832713,0.4976947468741711,0.0,0.0,0.0,0.1371574229556584,0.3296763659358304,0.5553475591185423,0.3047975728536221,0.6777468726814757,0.4615384615384615,0.6318728554002623,0.4232218087494815,0.0833333333333333,0.0,0.1495638251574607,0.0,0.6082240075020853,0.25,0.4848925604330783,0.0
155521965,0.645963714399497,0.3571428571428571,0.767766617655331,0.4329153452442825,0.0,0.0,0.0,0.0,0.3235290780001912,0.5694432237355044,0.3002618334874235,0.6331495066860833,0.5384615384615385,0.6566665243994679,0.5593527827597483,0.0833333333333333,0.0,0.3396103838350836,0.0,0.5820044281416584,0.35,0.4591553580572888,0.0
155524660,0.6581600497679198,0.2857142857142857,0.7572001637983116,0.4329153452442825,0.0,0.0,0.0,0.0,0.3368335311051302,0.5311331922202295,0.3867170165722751,0.5929315660690625,0.5384615384615385,0.6768883477700799,0.5614069373270425,0.0833333333333333,0.0,0.4017338445443804,0.0,0.6037840702015145,0.4,0.5158780026173606,0.0
155527295,0.6863818232465412,0.4285714285714285,0.7973835639658233,0.4329153452442825,0.0,0.0,0.0,0.0,0.329953576659552,0.4849082366905087,0.300485649460421,0.5677807310838634,0.6153846153846154,0.6244558619445107,0.5388483381251119,0.0833333333333333,0.0,0.3424343539535429,0.0,0.571686274639848,0.525,0.3647893071127838,0.0
155527385,0.8941978305573022,0.3571428571428571,0.9340164366348436,0.5104485681713542,0.125,1.0,0.125,0.4756769590666237,0.3097470969585238,0.2271683411917245,0.3608112972771342,0.6647058481999661,0.3076923076923077,0.0,0.3169526732864682,0.0,0.0,0.0230511237940764,0.0,0.5821468792019552,0.075,0.2848070956180668,0.0
155527955,0.6691532944761147,0.4285714285714285,0.7583359499181058,0.545884030634385,0.0,0.0,0.0,0.0,0.3258478854688042,0.4897046133285349,0.3359583595031389,0.6493111860455593,0.6153846153846154,0.5971053944468823,0.4675316534911393,0.1666666666666666,0.0,0.2084763705495713,0.0,0.6436761615319705,0.35,0.3551038926921649,0.0
155529646,0.8467315056977736,0.4285714285714285,0.994818624274206,0.4508581092783971,0.125,1.0,0.125,0.3217837408763184,0.2792835648529291,0.2530134342069848,0.4600864096434892,0.6753878143160863,0.3846153846153846,0.0,0.3259644198939428,0.0,0.0,0.160247074125216,0.0,0.6348009377313057,0.2,0.3034570347339421,0.0
155529690,0.6703879038969351,0.2857142857142857,0.7558370028412702,0.4329153452442825,0.0,0.0,0.0,0.0,0.3346717849821702,0.5140836326478769,0.4358994809010337,0.680483455429742,0.5384615384615385,0.6659481607710277,0.5431151428160907,0.0833333333333333,0.0,0.2422259091101865,0.0,0.6287585696283319,0.35,0.4985308167870041,0.0
155531533,0.6512894756813814,0.3571428571428571,0.7678711097884197,0.4329153452442825,0.0,0.0,0.0,0.0,0.3217769561889579,0.5644053969123802,0.3219153463209174,0.6085081234021674,0.5384615384615385,0.654978223936651,0.5495676313021849,0.0833333333333333,0.0,0.340090902557027,0.0,0.5885857414112399,0.35,0.4493843740484345,0.0
155536857,0.6048728724055208,0.3571428571428571,0.7396317576961325,0.5987392408161768,0.0,0.0,0.0,0.0,0.340792853021463,0.5793046003563557,0.2892771959115853,0.6081563362753379,0.5384615384615385,0.650512669212502,0.4582636794161382,0.0833333333333333,0.0,0.3265068789363254,0.0,0.5709190959104384,0.35,0.4865025498631802,0.0
155537112,0.6675297540098023,0.4285714285714285,0.7229202398171611,0.4976947468741711,0.0,0.0,0.0,0.0,0.3512178460715837,0.4946408791984552,0.3029453288736381,0.6337514005991159,0.6153846153846154,0.6173143509867959,0.4506577985683507,0.0833333333333333,0.0,0.1928862407152897,0.0,0.6305948747552159,0.45,0.3998778132664901,0.0
155541992,0.6718934614770967,0.2857142857142857,0.7838817789144369,0.4329153452442825,0.0,0.0,0.0,0.0,0.3562862503845035,0.5056318092835482,0.2862683367742052,0.6688327887725545,0.5384615384615385,0.679965275363563,0.5400168591719059,0.0833333333333333,0.0,0.1130953214096996,0.0,0.6313089892901674,0.425,0.4488656703099304,0.0
155542624,0.7601998673132637,0.4285714285714285,0.9011045379753772,0.6222437743700021,0.125,1.0,0.125,0.3217837408763184,0.3317283717989434,0.4193127431477377,0.3042348622384617,0.7048114554477944,0.3846153846153846,0.0,0.3148012401348037,0.0,0.0,0.2273375411419665,0.0,0.6218488035551145,0.275,0.4342110387720831,0.0
155543375,0.9129130913755416,0.4285714285714285,0.9340164366348436,0.5104485681713542,0.125,1.0,0.125,0.4756769590666237,0.3097470969585238,0.192510867315787,0.3608112972771342,0.6365693083148841,0.3076923076923077,0.0,0.3028081118043187,0.0,0.0,0.0543944648620699,0.0,0.5877658526744945,0.1,0.2848070956180668,0.0
155543455,0.8487581028683544,0.6428571428571428,0.9534312032354096,0.4537594931624711,0.125,1.0,0.125,0.5523176499247945,0.2994147915430276,0.2429013918274198,0.2792006915143836,0.688415965962252,0.4615384615384615,0.0,0.4525685675725538,0.0,0.0,0.2559010087417046,0.0,0.5459767338447246,0.075,0.2887063452691731,0.0
155543511,0.8483459121473454,0.5714285714285714,0.9640541351992052,0.4508581092783971,0.125,1.0,0.125,0.3217837408763184,0.324833989989741,0.2214859754293517,0.3328862043738528,0.687167199389784,0.4615384615384615,0.0,0.3744552927731316,0.0,0.0,0.0150673788083603,0.0,0.6207982238916049,0.4,0.3145125063070303,0.0
155544609,0.8017595138718036,0.6428571428571428,0.9219132045342212,0.4537594931624711,0.125,1.0,0.125,0.5523176499247945,0.2887636109720686,0.2919581511159299,0.3709348691464189,0.5159519873766855,0.3846153846153846,0.0,0.485385664949134,0.0,0.0,0.860419191013267,0.0,0.4654827698939566,0.05,0.3712370566779444,0.0
155547606,0.7073487533128664,0.4285714285714285,0.8789057735139233,0.6634790374206508,0.125,1.0,0.125,0.5523176499247945,0.2999616158273775,0.4086619111780882,0.3573890554120199,0.6078474199335595,0.3846153846153846,0.0,0.3224304248603064,0.0833333333333333,0.0,0.3165943889157597,0.0,0.5773838972267269,0.05,0.3977557320373803,0.0
155549392,0.6910137304730273,0.4285714285714285,0.949519934575142,0.6800246264032789,0.125,1.0,0.125,0.3217837408763184,0.3113470344588326,0.4044658070560278,0.2954563104550193,0.654703101080725,0.5384615384615385,0.0,0.3612383445630735,0.0,0.0,0.1454133405200513,0.0,0.6306383305241998,0.125,0.3194168963984298,0.0
155551213,0.6061808466232901,0.3571428571428571,0.7897254215424975,0.4329153452442825,0.0,0.0,0.0,0.1371574229556584,0.3134557078657387,0.5079207227042285,0.2834856191145535,0.5724247810088476,0.5384615384615385,0.6084920043658327,0.4738976562016506,0.0833333333333333,0.0,0.3523965276817539,0.0,0.5741532087370279,0.475,0.3646326829632327,0.0
155556131,0.6778766312320088,0.5,0.751629188218111,0.4976947468741711,0.0,0.0,0.0,0.0,0.3637371069733127,0.4776355618877373,0.1765686541093457,0.6435987865412832,0.6153846153846154,0.6193942046044685,0.454226459151409,0.0833333333333333,0.0,0.1560485106078323,0.0,0.6088569502979605,0.55,0.3689523227697523,0.0
155559872,0.6575208825412179,0.4285714285714285,0.7924647466093454,0.4329153452442825,0.0,0.0,0.0,0.0,0.3402325677732278,0.5531899114003697,0.1566174232223584,0.6183854474107805,0.5384615384615385,0.6570580775543277,0.545715287032346,0.0833333333333333,0.0,0.2966677690572996,0.0,0.5964626401552434,0.425,0.4080445662495004,0.0
155560660,0.8349065842380455,0.6428571428571428,0.9623069611521112,0.4537594931624711,0.125,1.0,0.125,0.5523176499247945,0.2940440398516085,0.2462645468096602,0.2994319910305935,0.6340831206368411,0.4615384615384615,0.0,0.4441692003867541,0.0,0.0,0.2812135590823126,0.0,0.5569935526587408,0.05,0.2806408073487781,0.0
155561445,0.856362090728082,0.2857142857142857,0.8146737545881274,0.717450907656964,0.125,1.0,0.125,0.3217837408763184,0.3616774396424442,0.3351302363034525,0.3725656341886666,0.8459288255065441,0.3846153846153846,0.0,0.1078045238955058,0.0,0.0,0.100315316908429,0.0,0.4974699760156886,0.15,0.5036553170068663,0.0
155564587,0.6665899638586587,0.3571428571428571,0.7933964824205788,0.4329153452442825,0.0,0.0,0.0,0.0,0.3377191535160838,0.5351785514443831,0.2154854019658631,0.6934808829609468,0.5384615384615385,0.6580551515301339,0.5241067478993159,0.0833333333333333,0.0,0.0810665502298169,0.0,0.6232097759036078,0.375,0.3882940205394393,0.0
155566644,0.6952331295949845,0.5,0.8142599485497268,0.4329153452442825,0.0,0.0,0.0,0.0,0.3454192484965045,0.4691234607224696,0.169033041158086,0.5875008885841393,0.6153846153846154,0.6265357155621832,0.5365463902370801,0.0833333333333333,0.0,0.2730392227815113,0.0,0.5604183292840184,0.625,0.3389705313172029,0.0
156011728,0.5782205862176051,0.2142857142857142,0.8352883682886001,0.4508581092783971,0.125,1.0,0.125,0.5960985867876352,0.2385583002478417,0.5065249954004779,0.4458285623609241,0.6651323188522008,0.3846153846153846,0.0,0.3150138938914086,0.0833333333333333,0.0,0.4934097190123622,1.0,0.6738041384929855,0.075,0.4919497529420143,0.0
156012703,0.694067275700291,0.3571428571428571,0.7837314307923394,0.4508581092783971,0.125,1.0,0.125,0.3217837408763184,0.2123513622074285,0.1811905225002075,0.2988739782850494,0.5679882622064241,0.3846153846153846,0.0,0.8195326695325846,0.0833333333333333,0.7225605509059922,0.5926564419151226,1.0,0.7695471809055731,0.125,0.5277978200838873,0.0
156012735,0.7797717084813487,0.2857142857142857,0.9688324669440708,0.4508581092783971,0.125,1.0,0.125,0.3217837408763184,0.2479496167509246,0.3631208375060288,0.1304714717173117,0.5648446572490974,0.3076923076923077,0.0,0.3561455886877844,0.0833333333333333,0.0,0.153608301561739,1.0,0.7684139574817211,0.075,0.0,0.0
156013281,0.6993600822485156,0.2142857142857142,0.9626872196065416,0.4508581092783971,0.125,1.0,0.125,0.3217837408763184,0.2423140228893205,0.4231225785183737,0.3876348019760204,0.6552032724190452,0.3846153846153846,0.0,0.3407686890563953,0.0833333333333333,0.0,0.4934097190123622,1.0,0.7153231891410389,0.075,0.1593318032566483,0.0
156014007,0.7469622519482622,0.3571428571428571,0.8335872355865563,0.6222437743700021,0.125,1.0,0.125,0.3217837408763184,0.2321113458470719,0.4044416289095346,0.429048421416863,0.5518909725118142,0.2307692307692307,0.0,0.2749335293157436,0.0833333333333333,0.0,0.6650084727179056,1.0,0.6855890526440076,0.075,0.3163161838179137,0.0
156014262,0.4343539246755885,0.2142857142857142,0.7020407790684803,0.1691961097311334,0.0,0.0,0.0,0.5461171608483499,0.8882090173368384,0.7154044412477781,0.4432663632959367,0.6295579030597631,0.3846153846153846,0.0,0.4945221956628681,0.0,0.0,0.4512273397313535,0.0,0.5839989945858531,0.3,0.5145381164400771,0.0
156017088,0.416649211476399,0.0,0.7672347390140603,0.0,0.0,0.0,0.0,0.0,0.409289834879742,0.897441545002298,0.7134065629463504,0.8586899702610318,0.0,0.0,0.3944973835030803,0.0,0.0,1.0,0.0,0.0246340324559516,0.0,0.5851938816413444,0.0
156018382,0.7717067436836802,0.3571428571428571,0.8827508205358758,0.4508581092783971,0.125,1.0,0.125,0.3217837408763184,0.2927799200327131,0.254262232395843,0.4103580790642399,0.9425353083270568,0.3846153846153846,0.0,0.4551672533505834,0.0833333333333333,0.0,0.5926564419151226,1.0,0.2556202413617154,0.125,0.5921290668809773,0.0
156018398,0.7672070433267677,0.3571428571428571,0.925165711729877,0.4508581092783971,0.125,1.0,0.125,0.3217837408763184,0.2783165739572051,0.3718028127836597,0.4433721057415556,0.5466681889285723,0.3846153846153846,0.0,0.4005667025950646,0.0833333333333333,0.0,0.5335146967971072,1.0,0.81045935851979,0.125,0.5104891378669367,0.0
156018790,0.8355223878313602,0.2142857142857142,0.7348773757213419,0.717450907656964,0.125,1.0,0.125,0.3217837408763184,0.363695640887603,0.3806326013153867,0.3854956661069472,0.8391201066297453,0.3846153846153846,0.0,0.1513077973324389,0.0833333333333333,0.0,0.1294506823306968,1.0,0.5078649193017402,0.075,0.6929609563484114,0.0
156019761,0.634653749489725,0.2142857142857142,0.7921301465143584,0.6234513066282057,0.125,1.0,0.125,0.3217837408763184,0.3396199492967775,0.5055449294764446,0.4131353188095741,0.7778646258378706,0.3846153846153846,0.0,0.2060438127975831,0.0833333333333333,0.0,0.253909385178035,1.0,0.5011631378257723,0.075,0.6354960087407087,0.0
162663294,0.6999512110297894,0.0,0.8591276246030968,0.1172548007374859,0.0,0.0,0.25,0.2305339090484761,0.2422239174276512,0.2794810883094372,0.1244210173822802,0.7177196095349941,0.3076923076923077,0.0,0.4623475675880367,0.0,0.0,0.001336605069878,0.0,0.6021170050909533,0.8,0.350827263827744,0.0
162669390,0.8518595877993586,0.1428571428571428,0.8591276246030968,0.1717874319790822,0.0,0.0,0.25,0.2305339090484761,0.2422239174276512,0.1702004395779943,0.1244210173822802,0.7140850042715431,0.3076923076923077,0.0,0.4623475675880367,0.0,0.0,0.0013427537468137,0.0,0.6021170050909533,0.8,0.350827263827744,0.0
162674259,0.7325602650805979,0.0714285714285714,0.8397220556455237,0.0598198582706338,0.0,0.0,0.125,0.2305339090484761,0.2529972918437931,0.2461851464338654,0.1823866663042859,0.713940885616708,0.1538461538461538,0.0,0.4818487982200001,0.0,0.0,0.0014061309245399,0.0,0.5980195138454696,0.8250000000000001,0.3570836052800222,0.0
164608752,0.7825834655356717,0.3571428571428571,0.9138494238532237,0.6800246264032789,0.125,1.0,0.125,0.3217837408763184,0.2986809514720411,0.3351759416349091,0.368995160522289,0.5951404330398333,0.4615384615384615,0.0,0.3415493238519541,0.0833333333333333,0.0,0.1186339862709813,1.0,0.6572633045700872,0.075,0.4254462759642716,0.0
164612069,0.7672901070137839,0.4285714285714285,0.9138494238532237,0.619993744665267,0.125,1.0,0.125,0.3217837408763184,0.2986809514720411,0.3460435899955488,0.368995160522289,0.6300120307603078,0.5384615384615385,0.0,0.3415493238519541,0.1666666666666666,0.0,0.0189522423020149,1.0,0.6301550756084258,0.125,0.4254462759642716,0.0
164613013,0.9044414002363044,0.2142857142857142,0.9080458124115196,0.5104485681713542,0.125,1.0,0.125,0.4756769590666237,0.3941040232093571,0.3008190688292483,0.3985107733348455,0.6230938533714759,0.3076923076923077,0.0,0.3550941703851675,0.0833333333333333,0.0,0.0,1.0,0.6554617716205166,0.025,0.3177569683573769,0.0
164613889,0.8547614864767491,0.3571428571428571,0.9138494238532237,0.5652622397767462,0.125,1.0,0.125,0.3217837408763184,0.2986809514720411,0.3012285452094068,0.368995160522289,0.623205683505321,0.4615384615384615,0.0,0.3546775820770073,0.0833333333333333,0.0,0.0,1.0,0.6242531416942796,0.05,0.4254462759642716,0.0
164614647,0.8323074994742043,0.2857142857142857,0.9898692130962692,0.4508581092783971,0.125,1.0,0.125,0.3217837408763184,0.3963505396329689,0.3218174209709008,0.4222082035470165,0.6325882485493992,0.3846153846153846,0.0,0.3601697780581348,0.0833333333333333,0.0,0.0,1.0,0.6523578656570973,0.075,0.2968898053181872,0.0
164614924,0.7825834655356717,0.4285714285714285,0.9138494238532237,0.6800246264032789,0.125,1.0,0.125,0.3217837408763184,0.2986809514720411,0.3351759416349091,0.368995160522289,0.5940500086802638,0.4615384615384615,0.0,0.3415493238519541,0.0833333333333333,0.0,0.0664458890388934,1.0,0.7103156023210995,0.1,0.4254462759642716,0.0
164618589,0.8729367011504203,0.3571428571428571,0.8824593522327256,0.5104485681713542,0.125,1.0,0.125,0.4756769590666237,0.3188425415255868,0.2803801204517998,0.4398958210396002,0.5921171080218769,0.3076923076923077,0.0,0.3420723831540178,0.0833333333333333,0.0,0.0469635855582669,1.0,0.6908186008622684,0.075,0.4294777682983017,0.0
164618638,0.8780629131868931,0.2857142857142857,0.91391618108738,0.5104485681713542,0.125,1.0,0.125,0.3217837408763184,0.3326216308650055,0.3586158431575603,0.4415253564214363,0.6181847761484035,0.3076923076923077,0.0,0.3311980413464392,0.0833333333333333,0.0,0.0,1.0,0.6320625370014794,0.05,0.4587712718459488,0.0
164620849,0.7713692704692094,0.4285714285714285,0.9138494238532237,0.6800246264032789,0.125,1.0,0.125,0.3217837408763184,0.2986809514720411,0.3431448863539843,0.368995160522289,0.5759764504096888,0.5384615384615385,0.0,0.3415493238519541,0.0833333333333333,0.0,0.0664458890388934,1.0,0.7103156023210995,0.125,0.4254462759642716,0.0
164621418,0.8565542700666913,0.2857142857142857,0.8824593522327256,0.5104485681713542,0.125,1.0,0.125,0.4756769590666237,0.3188425415255868,0.3117980734226784,0.4398958210396002,0.6181424947027726,0.3076923076923077,0.0,0.3553276189938784,0.0833333333333333,0.0,0.0064859164187434,1.0,0.6125114476269129,0.05,0.4294777682983017,0.0
164623752,0.7319447783138424,0.3571428571428571,0.953945881459386,0.4508581092783971,0.125,1.0,0.125,0.3217837408763184,0.3157783125972935,0.3962595077063507,0.452031818041135,0.5935565645045725,0.3076923076923077,0.0,0.3818926198722654,0.0833333333333333,0.0,0.3207682381331683,1.0,0.5839039971633825,0.1,0.4186802474148051,0.0
164625511,0.8543588307086255,0.3571428571428571,0.9744152771632112,0.6634790374206508,0.125,1.0,0.125,0.3217837408763184,0.3132619868602194,0.3037660214962614,0.3445513085470303,0.5922487594891294,0.4615384615384615,0.0,0.323998962825851,0.0833333333333333,0.1341348113882462,0.1186339862709813,1.0,0.660377337713006,0.05,0.4309015256433599,0.0
164625953,0.8467501824028062,0.2142857142857142,0.7949027095478198,0.6234513066282057,0.125,1.0,0.125,0.4756769590666237,0.3258484071934659,0.3434110364755919,0.415253306600099,0.6590263003934118,0.2307692307692307,0.0,0.3196621013749448,0.0833333333333333,0.0,0.0064859164187434,1.0,0.6116888867599974,0.0,0.4643897022574916,0.0
164626198,0.7672901070137839,0.3571428571428571,0.9138494238532237,0.6800246264032789,0.125,1.0,0.125,0.3217837408763184,0.2986809514720411,0.3460435899955488,0.368995160522289,0.6194777441001903,0.5384615384615385,0.0,0.3415493238519541,0.0833333333333333,0.0,0.0189522423020149,1.0,0.6023495226874604,0.1,0.4254462759642716,0.0
164626366,0.8053849626540988,0.3571428571428571,0.9648542681211008,0.4508581092783971,0.125,1.0,0.125,0.3217837408763184,0.3101123711197713,0.3019057232371724,0.4575010631035788,0.6268069594388638,0.3846153846153846,0.0,0.3722677846890027,0.0833333333333333,0.0,0.0064859164187434,1.0,0.6124171068227147,0.125,0.3984021439451344,0.0
164626662,0.7675820493202489,0.2857142857142857,0.8824593522327256,0.6222437743700021,0.125,1.0,0.125,0.3217837408763184,0.3188425415255868,0.3552909930254178,0.4398958210396002,0.6261696423107296,0.3846153846153846,0.0,0.3420723831540178,0.0833333333333333,0.0,0.0469635855582669,1.0,0.6681688106700661,0.1,0.4294777682983017,0.0
164627568,0.914121709627419,0.2857142857142857,0.8175387416385456,0.5426653247839988,0.125,1.0,0.125,0.4756769590666237,0.3047418990144013,0.2873720809282173,0.3445513085470303,0.6120183549648877,0.3846153846153846,0.0,0.367276268268893,0.0833333333333333,0.0,0.0,1.0,0.6234279173957102,0.0,0.4621266906492048,0.0
164627877,0.8095212974701358,0.4285714285714285,0.9648542681211008,0.4508581092783971,0.125,1.0,0.125,0.3217837408763184,0.3101123711197713,0.2989629750987778,0.4575010631035788,0.6154110602706668,0.3846153846153846,0.0,0.3722677846890027,0.0833333333333333,0.0,0.0469635855582669,1.0,0.6846871401554085,0.15,0.3984021439451344,0.0
166626291,0.6604151231892212,0.0714285714285714,0.6779911129707796,0.2845528042955681,0.0,0.0,0.0,0.1538932181903053,0.4168940802364567,0.1656600785018277,0.4487727630152349,0.6275462408353125,0.1538461538461538,0.6154348325749246,0.7192233483829706,0.0,0.8795732415156637,0.3874836169499575,1.0,0.70884909309736,0.125,0.4660173749909554,0.0
166628143,0.6729625912798649,0.0714285714285714,0.6569393695509965,0.2665369337608884,0.0,0.0,0.0,0.170181186538914,0.4523565709329442,0.193575841391926,0.4477195064690813,0.630486379810079,0.1538461538461538,0.704217041096604,0.6847875354692408,0.0833333333333333,0.6295498982294877,0.2421811668149836,1.0,0.7653581563294565,0.15,0.5418733501312916,0.0
166632243,0.6502702686638001,0.0714285714285714,0.6606107377959474,0.2665369337608884,0.0,0.0,0.0,0.170181186538914,0.4553967652743944,0.2212178366355408,0.4283947430073209,0.6393202753101608,0.1538461538461538,0.7059053415594211,0.7048154919993209,0.0833333333333333,0.6295498982294877,0.3186459828210338,1.0,0.760422726482315,0.175,0.5492725271920225,0.0
166633407,0.6912904286346183,0.0714285714285714,0.6745834888436,0.2845528042955681,0.0,0.0,0.0,0.1538932181903053,0.4098870095541514,0.1363095972827054,0.4640968370031505,0.615375618534619,0.1538461538461538,0.6137465321121075,0.695251907071061,0.0,0.8795732415156637,0.3173559116337178,1.0,0.7191932531272345,0.1,0.4547408813858744,0.0
166633521,0.6316210927635267,0.0714285714285714,0.679810676135096,0.2845528042955681,0.0,0.0,0.0,0.1538932181903053,0.3833805801012507,0.2207701455000243,0.4143861656521019,0.6145232708227527,0.1538461538461538,0.5908194118270602,0.6677756470116247,0.0,1.0,0.3874836169499637,1.0,0.7171597253251409,0.1,0.4535663829321137,0.0
